sensor_type,value,timestamp
ECG,1.1226440060476346,0.0
ECG,1.1074342745865589,0.002
ECG,1.0680992683458697,0.004
ECG,1.0066916162940527,0.006
ECG,0.9268121062513048,0.008
ECG,0.8320784869582263,0.01
ECG,0.7261243312660728,0.012
ECG,0.6125990361367554,0.014
ECG,0.49516782264283965,0.016
ECG,0.3775117359675467,0.018000000000000002
ECG,0.263327645404753,0.02
ECG,0.1562071813201946,0.022
ECG,0.05827320529829248,0.024
ECG,-0.029425989885345224,0.026000000000000002
ECG,-0.1061101365287869,0.028
ECG,-0.17126213979539354,0.03
ECG,-0.224628077713818,0.032
ECG,-0.2662172011780054,0.034
ECG,-0.296301933947193,0.036000000000000004
ECG,-0.31541787264591054,0.038
ECG,-0.32436378676397937,0.04
ECG,-0.3242016186565134,0.042
ECG,-0.3162564835439191,0.044
ECG,-0.3021166695118941,0.046
ECG,-0.2835876167974426,0.048
ECG,-0.2620456803275898,0.05
ECG,-0.2386588667906198,0.052000000000000005
ECG,-0.21450228550750775,0.054
ECG,-0.19050184680969104,0.056
ECG,-0.1674342620390698,0.058
ECG,-0.1459270435480064,0.06
ECG,-0.12645850469932532,0.062
ECG,-0.10935775986631396,0.064
ECG,-0.09480472443272168,0.066
ECG,-0.08283011479276044,0.068
ECG,-0.07331544835110465,0.07
ECG,-0.06599304352289073,0.07200000000000001
ECG,-0.060446019733718076,0.074
ECG,-0.05610829741964788,0.076
ECG,-0.05240611277208328,0.078
ECG,-0.04935549178970056,0.08
ECG,-0.04685574504144224,0.082
ECG,-0.04478288015741892,0.084
ECG,-0.04302434707842687,0.08600000000000001
ECG,-0.04147903805594757,0.088
ECG,-0.0400572876521482,0.09
ECG,-0.03868087273988183,0.092
ECG,-0.037283012502686466,0.094
ECG,-0.0358083684347863,0.096
ECG,-0.03421304434109062,0.098
ECG,-0.032464586337194526,0.1
ECG,-0.030541982849378493,0.10200000000000001
ECG,-0.028435833117265986,0.10400000000000001
ECG,-0.026148852701794636,0.106
ECG,-0.023695367977244777,0.108
ECG,-0.02110114762858248,0.11
ECG,-0.018370424491370132,0.112
ECG,-0.015463691904471227,0.114
ECG,-0.012371211235405443,0.116
ECG,-0.009084416087619444,0.11800000000000001
ECG,-0.005595428427594583,0.12
ECG,-0.0018970585848465567,0.122
ECG,0.0020171947480742474,0.124
ECG,0.006153144515583093,0.126
ECG,0.010515915299060997,0.128
ECG,0.01510994331685414,0.13
ECG,0.01993897642427428,0.132
ECG,0.025006074113599053,0.134
ECG,0.03031360751407114,0.136
ECG,0.035863259391899244,0.138
ECG,0.04165602415025711,0.14
ECG,0.04769220782928438,0.14200000000000002
ECG,0.05397142810608596,0.14400000000000002
ECG,0.06049261429473251,0.146
ECG,0.0672540073462601,0.148
ECG,0.07425315984867026,0.15
ECG,0.08148693602693019,0.152
ECG,0.08895151174297258,0.154
ECG,0.09664237449569565,0.156
ECG,0.10455432342096316,0.158
ECG,0.11268222882556654,0.16
ECG,0.12106731286252172,0.162
ECG,0.12971512468165958,0.164
ECG,0.13859662718182866,0.166
ECG,0.1476831970852237,0.168
ECG,0.15694662493738668,0.17
ECG,0.16635911510720505,0.17200000000000001
ECG,0.1758932857869136,0.17400000000000002
ECG,0.18552216899209278,0.176
ECG,0.19521921056167033,0.178
ECG,0.20495827015791998,0.18
ECG,0.2147136212664621,0.182
ECG,0.2244599511962634,0.184
ECG,0.234172361079637,0.186
ECG,0.24382636587224293,0.188
ECG,0.25339789435308707,0.19
ECG,0.2628632891245223,0.192
ECG,0.2721993066122477,0.194
ECG,0.281383117065309,0.196
ECG,0.290392304556098,0.198
ECG,0.29920486698035365,0.2
ECG,0.30779921605716054,0.202
ECG,0.3161541773289507,0.20400000000000001
ECG,0.32424905862777204,0.20600000000000002
ECG,0.33206385547410167,0.20800000000000002
ECG,0.3395790399182883,0.21
ECG,0.3467754641991371,0.212
ECG,0.35363438220441246,0.214
ECG,0.3601374616284332,0.216
ECG,0.36626678398886414,0.218
ECG,0.3720048446267177,0.22
ECG,0.3773345527063514,0.222
ECG,0.3822392312154704,0.224
ECG,0.38670261696512565,0.226
ECG,0.3907088605897148,0.228
ECG,0.3942425265469819,0.23
ECG,0.39728859311801784,0.232
ECG,0.39983245240725906,0.234
ECG,0.40185991034248947,0.23600000000000002
ECG,0.40335718667483916,0.23800000000000002
ECG,0.4043109149787842,0.24
ECG,0.40470814265214755,0.242
ECG,0.4045363309160993,0.244
ECG,0.4037833548151543,0.246
ECG,0.40243687623228397,0.248
ECG,0.40045024363180803,0.25
ECG,0.39782253284227276,0.252
ECG,0.39458514614767565,0.254
ECG,0.39076898672263644,0.256
ECG,0.3864044586323987,0.258
ECG,0.3815214668328276,0.26
ECG,0.3761494171704118,0.262
ECG,0.37031721638226306,0.264
ECG,0.36405327209611554,0.266
ECG,0.3573854928303265,0.268
ECG,0.3503412879938758,0.27
ECG,0.3429475678863663,0.272
ECG,0.3352307436980239,0.274
ECG,0.3272167275096971,0.276
ECG,0.318930932292857,0.278
ECG,0.31039827190959857,0.28
ECG,0.3016431611126381,0.28200000000000003
ECG,0.29268951554531614,0.28400000000000003
ECG,0.28356075174159523,0.28600000000000003
ECG,0.27427978712606116,0.28800000000000003
ECG,0.26486904001392253,0.29
ECG,0.25535042961101034,0.292
ECG,0.24574537601377888,0.294
ECG,0.2360748002093054,0.296
ECG,0.2263591240752897,0.298
ECG,0.21661827038005455,0.3
ECG,0.20687166278254557,0.302
ECG,0.19713822583233112,0.304
ECG,0.18743638496960258,0.306
ECG,0.17778403554786365,0.308
ECG,0.1681984499019997,0.31
ECG,0.15869637028020792,0.312
ECG,0.14929403982130932,0.314
ECG,0.14000720255474675,0.316
ECG,0.13085110340058637,0.318
ECG,0.12184048816951769,0.32
ECG,0.11298960356285202,0.322
ECG,0.10431219717252442,0.324
ECG,0.09582151748109226,0.326
ECG,0.08753031386173594,0.328
ECG,0.0794508365782588,0.33
ECG,0.07159483678508709,0.332
ECG,0.06397356652726935,0.334
ECG,0.0565977787404777,0.336
ECG,0.04947772725100675,0.338
ECG,0.042623166775773914,0.34
ECG,0.03604335292231973,0.342
ECG,0.029747042188807242,0.34400000000000003
ECG,0.023742299600599436,0.34600000000000003
ECG,0.01802874653870446,0.34800000000000003
ECG,0.012597703177786936,0.35000000000000003
ECG,0.007440614384699497,0.352
ECG,0.0025490425584962445,0.354
ECG,-0.002085332369566518,0.356
ECG,-0.006470712936030578,0.358
ECG,-0.010615184145236082,0.36
ECG,-0.01452671346932154,0.362
ECG,-0.01821315084822327,0.364
ECG,-0.02168222868967601,0.366
ECG,-0.024941561869212515,0.368
ECG,-0.027998647730163865,0.37
ECG,-0.030860866083659264,0.372
ECG,-0.03353547920862607,0.374
ECG,-0.03602963185178988,0.376
ECG,-0.038350351227674266,0.378
ECG,-0.04050454701860129,0.38
ECG,-0.04249901137469096,0.382
ECG,-0.04434041891386145,0.384
ECG,-0.04603532672182939,0.386
ECG,-0.047590174352109285,0.388
ECG,-0.04901128382601388,0.39
ECG,-0.05030485963265422,0.392
ECG,-0.05147698872893936,0.394
ECG,-0.052533640539576675,0.396
ECG,-0.05348066695707164,0.398
ECG,-0.054323802341728,0.4
ECG,-0.05506866352164749,0.402
ECG,-0.0557207497927302,0.404
ECG,-0.05628544291867426,0.406
ECG,-0.05676800713097607,0.40800000000000003
ECG,-0.05717355229205314,0.41000000000000003
ECG,-0.05750692338461239,0.41200000000000003
ECG,-0.05777281102228195,0.41400000000000003
ECG,-0.05797578828648796,0.41600000000000004
ECG,-0.05812031007613603,0.418
ECG,-0.05821070809774715,0.42
ECG,-0.058251193611248545,0.422
ECG,-0.05824586032027975,0.424
ECG,-0.058198684396278566,0.426
ECG,-0.05811352447848081,0.428
ECG,-0.05799412167392045,0.43
ECG,-0.05784409955742991,0.432
ECG,-0.05766696417163945,0.434
ECG,-0.057466104026977875,0.436
ECG,-0.05724479010167178,0.438
ECG,-0.057006175841746214,0.44
ECG,-0.05675329716102425,0.442
ECG,-0.056488583508193704,0.444
ECG,-0.05620969150315228,0.446
ECG,-0.05591662486535749,0.448
ECG,-0.055610370628868054,0.45
ECG,-0.05529187178616304,0.452
ECG,-0.05496202728814191,0.454
ECG,-0.054621692044124474,0.456
ECG,-0.0542716769218511,0.458
ECG,-0.05391274874748254,0.46
ECG,-0.053545630305599896,0.462
ECG,-0.05317100033920461,0.464
ECG,-0.052789493549718625,0.466
ECG,-0.05240170059698444,0.468
ECG,-0.05200816809926462,0.47000000000000003
ECG,-0.05160939863324245,0.47200000000000003
ECG,-0.051205850734021535,0.47400000000000003
ECG,-0.05079793889512594,0.47600000000000003
ECG,-0.05038603356849991,0.47800000000000004
ECG,-0.04997046116450833,0.48
ECG,-0.04955150405193641,0.482
ECG,-0.04912940055798998,0.484
ECG,-0.048704344968294795,0.486
ECG,-0.04827648752689756,0.488
ECG,-0.04784593443626504,0.49
ECG,-0.04741274785728459,0.492
ECG,-0.0469769459092639,0.494
ECG,-0.04653850266993106,0.496
ECG,-0.046097348175434594,0.498
ECG,-0.045653368420343426,0.5
ECG,-0.04520640535764701,0.502
ECG,-0.04475625689875504,0.504
ECG,-0.04430267691349764,0.506
ECG,-0.04384537523012542,0.508
ECG,-0.04338401763530945,0.51
ECG,-0.04291826239016621,0.512
ECG,-0.04244786977833314,0.514
ECG,-0.04197259255789333,0.516
ECG,-0.04149213944535008,0.518
ECG,-0.04100617511562737,0.52
ECG,-0.04051432020206929,0.522
ECG,-0.040016151296440566,0.524
ECG,-0.039511200948926295,0.526
ECG,-0.03899895766813187,0.528
ECG,-0.03847886592108318,0.53
ECG,-0.037950326133226644,0.532
ECG,-0.03741269468842877,0.534
ECG,-0.03686528392897685,0.536
ECG,-0.036307362155578435,0.538
ECG,-0.035738153627361276,0.54
ECG,-0.03515683856187395,0.542
ECG,-0.03456729132513019,0.544
ECG,-0.033981012389055036,0.546
ECG,-0.03339116437682324,0.548
ECG,-0.03278929955909555,0.55
ECG,-0.032166740490211294,0.552
ECG,-0.031514580008188055,0.554
ECG,-0.03082368123472202,0.556
ECG,-0.03008467757518757,0.558
ECG,-0.029287972718637725,0.56
ECG,-0.02842374063780389,0.562
ECG,-0.02748192558909577,0.5640000000000001
ECG,-0.02645224211260172,0.5660000000000001
ECG,-0.02532417503208825,0.5680000000000001
ECG,-0.02408697945500055,0.5700000000000001
ECG,-0.022729680772462093,0.5720000000000001
ECG,-0.021241074659274817,0.5740000000000001
ECG,-0.019609727073919087,0.5760000000000001
ECG,-0.0178239742585538,0.578
ECG,-0.015871922739015953,0.58
ECG,-0.013741449324821346,0.582
ECG,-0.011420201109164045,0.584
ECG,-0.008895595468916476,0.586
ECG,-0.006154820064629607,0.588
ECG,-0.0031848328405329387,0.59
ECG,2.763797546587968e-05,0.592
ECG,0.0034960938717806716,0.594
ECG,0.007234266053146713,0.596
ECG,0.011256115440620922,0.598
ECG,0.015575832671581842,0.6
ECG,0.0202078380997296,0.602
ECG,0.02516678179508571,0.604
ECG,0.030467543543993517,0.606
ECG,0.03612523284911769,0.608
ECG,0.042155188929444726,0.61
ECG,0.048572980720282384,0.612
ECG,0.055394428972662314,0.614
ECG,0.0626356725515452,0.616
ECG,0.07037384220416655,0.618
ECG,0.0787098041275366,0.62
ECG,0.08756293434529673,0.622
ECG,0.09684890809294518,0.624
ECG,0.10648613833198854,0.626
ECG,0.11639576501129441,0.628
ECG,0.12650165830508153,0.63
ECG,0.13673042678303363,0.632
ECG,0.147011417594742,0.634
ECG,0.1572767164697061,0.636
ECG,0.16746114771733298,0.638
ECG,0.17750227422693698,0.64
ECG,0.18734039746774092,0.642
ECG,0.19691855748887457,0.644
ECG,0.2061825329193761,0.646
ECG,0.21508084096819102,0.648
ECG,0.2235647374241727,0.65
ECG,0.23158821665608212,0.652
ECG,0.23910801161258824,0.654
ECG,0.24608359382226755,0.656
ECG,0.2524771733936043,0.658
ECG,0.2582536990149904,0.66
ECG,0.26338085795472566,0.662
ECG,0.2678290760610174,0.664
ECG,0.271571517761981,0.666
ECG,0.27458408606563933,0.668
ECG,0.2768454225599228,0.67
ECG,0.27833690741266987,0.672
ECG,0.27904265937162687,0.674
ECG,0.27894953576444753,0.676
ECG,0.27804713249869295,0.678
ECG,0.27632778406183317,0.68
ECG,0.2737865635212445,0.682
ECG,0.2704212825242124,0.684
ECG,0.26623249129792864,0.686
ECG,0.2612234786494938,0.6880000000000001
ECG,0.255400271965916,0.6900000000000001
ECG,0.24879843625992065,0.6920000000000001
ECG,0.24152059430083972,0.6940000000000001
ECG,0.2336595528487586,0.6960000000000001
ECG,0.22530367797313272,0.6980000000000001
ECG,0.216537206424714,0.7000000000000001
ECG,0.20744024563555183,0.7020000000000001
ECG,0.19808877371899317,0.704
ECG,0.18855463946968068,0.706
ECG,0.17890556236355576,0.708
ECG,0.16920513255785646,0.71
ECG,0.1595128108911178,0.712
ECG,0.14988392888317206,0.714
ECG,0.14036966320601849,0.716
ECG,0.13101695909643152,0.718
ECG,0.12186860694335183,0.72
ECG,0.11296326781701796,0.722
ECG,0.10433547346896538,0.724
ECG,0.09601562633202637,0.726
ECG,0.08802999952033079,0.728
ECG,0.08040073682930549,0.73
ECG,0.0731458527356747,0.732
ECG,0.0662792323974594,0.734
ECG,0.05981063165397827,0.736
ECG,0.053745677025846865,0.738
ECG,0.04808586571497767,0.74
ECG,0.04282856560458069,0.742
ECG,0.03796701525916317,0.744
ECG,0.03349032392452934,0.746
ECG,0.0293834715277805,0.748
ECG,0.025648755259645835,0.75
ECG,0.022356942322112477,0.752
ECG,0.019434089499258993,0.754
ECG,0.0167826273885717,0.756
ECG,0.014302877978652526,0.758
ECG,0.011893054649218908,0.76
ECG,0.009449262171104391,0.762
ECG,0.006865496706258008,0.764
ECG,0.00403364580774454,0.766
ECG,0.0008434884197446382,0.768
ECG,-0.00281730512244548,0.77
ECG,-0.007063173092413831,0.772
ECG,-0.012010662372632581,0.774
ECG,-0.017778428454458407,0.776
ECG,-0.024487235438132034,0.778
ECG,-0.03225995603277858,0.78
ECG,-0.04122157155640743,0.782
ECG,-0.05149917193591227,0.784
ECG,-0.06322195570707081,0.786
ECG,-0.07652123001454533,0.788
ECG,-0.09143035899995286,0.79
ECG,-0.10726523141288855,0.792
ECG,-0.12303199683133359,0.794
ECG,-0.13774218008966319,0.796
ECG,-0.15041402259871997,0.798
ECG,-0.1600724823458137,0.8
ECG,-0.1657492338947217,0.802
ECG,-0.16648266838568862,0.804
ECG,-0.1613178935354263,0.806
ECG,-0.14930673363711414,0.808
ECG,-0.12950772956039863,0.81
ECG,-0.10098613875139395,0.812
ECG,-0.06281393523268124,0.8140000000000001
ECG,-0.014069809603309141,0.8160000000000001
ECG,0.04622028091908575,0.8180000000000001
ECG,0.11802876922053522,0.8200000000000001
ECG,0.20030221975553902,0.8220000000000001
ECG,0.2916437887171379,0.8240000000000001
ECG,0.39031748567760105,0.8260000000000001
ECG,0.4942481735884248,0.8280000000000001
ECG,0.6010215687803342,0.8300000000000001
ECG,0.7078842409632814,0.8320000000000001
ECG,0.8117436151082384,0.834
ECG,0.9091680128467438,0.836
ECG,0.9963866524708697,0.838
ECG,1.0692896075337195,0.84
ECG,1.1234278049676223,0.842
ECG,1.1540212105460486,0.844
ECG,1.158130311284987,0.846
ECG,1.1375761083229945,0.848
ECG,1.0949207184809886,0.85
ECG,1.032824568509896,0.852
ECG,0.9540463950906526,0.854
ECG,0.8614432448342029,0.856
ECG,0.7579704742815018,0.858
ECG,0.6466817499035128,0.86
ECG,0.5307290481012086,0.862
ECG,0.41336265520557197,0.864
ECG,0.29793116747759435,0.866
ECG,0.18788149110827665,0.868
ECG,0.08675884221862856,0.87
ECG,-0.002672878200810051,0.872
ECG,-0.08066766304151773,0.874
ECG,-0.14709145339045754,0.876
ECG,-0.2019134315224984,0.878
ECG,-0.2452810677121932,0.88
ECG,-0.2775201202337778,0.882
ECG,-0.2991346353611717,0.884
ECG,-0.31080694736797804,0.886
ECG,-0.31339767852748296,0.888
ECG,-0.30794573911265655,0.89
ECG,-0.295668327396152,0.892
ECG,-0.27796092965030594,0.894
ECG,-0.2563973201471386,0.896
ECG,-0.23272534692492197,0.898
ECG,-0.20834853160505795,0.9
ECG,-0.18403420606050847,0.902
ECG,-0.16045661057126415,0.904
ECG,-0.13817490167368962,0.906
ECG,-0.11763315216052289,0.908
ECG,-0.09916035108087591,0.91
ECG,-0.08297040374023426,0.912
ECG,-0.06916213170045726,0.914
ECG,-0.05771927277977784,0.916
ECG,-0.04851048105280272,0.918
ECG,-0.04128936643080724,0.92
ECG,-0.03569461340262008,0.922
ECG,-0.031249862293738353,0.924
ECG,-0.027442280740821983,0.926
ECG,-0.02420925110355449,0.928
ECG,-0.021461565234389083,0.93
ECG,-0.01908665731904768,0.932
ECG,-0.016982652631496543,0.934
ECG,-0.015058367533945528,0.936
ECG,-0.013233309476848778,0.9380000000000001
ECG,-0.0114376769989045,0.9400000000000001
ECG,-0.009612359727054733,0.9420000000000001
ECG,-0.007708938376485581,0.9440000000000001
ECG,-0.005689684750627353,0.9460000000000001
ECG,-0.0035275617411540984,0.9480000000000001
ECG,-0.0012062233279840377,0.9500000000000001
ECG,0.0012799854207205539,0.9520000000000001
ECG,0.003926028348553464,0.9540000000000001
ECG,0.0067161782108644125,0.9560000000000001
ECG,0.009628721711253467,0.9580000000000001
ECG,0.012691269856483127,0.96
ECG,0.01592252390071224,0.962
ECG,0.019331062104142514,0.964
ECG,0.022924874482160393,0.966
ECG,0.026711362805336196,0.968
ECG,0.030697340599425006,0.97
ECG,0.034889033145365816,0.972
ECG,0.039292077479281914,0.974
ECG,0.04391152239248082,0.976
ECG,0.04875182843145432,0.978
ECG,0.053816867897878616,0.98
ECG,0.05910992484861388,0.982
ECG,0.06463369509570475,0.984
ECG,0.07039028620638016,0.986
ECG,0.07638121750305302,0.988
ECG,0.08260742006332064,0.99
ECG,0.08906923671996468,0.992
ECG,0.09576642206095085,0.994
ECG,0.10269814242942946,0.996
ECG,0.10986297592373474,0.998
ECG,0.11725891239738512,1.0
ECG,0.1248833534590835,1.002
ECG,0.13273311247271713,1.004
ECG,0.14081790684021328,1.006
ECG,0.14918822560972997,1.008
ECG,0.15782711601888952,1.01
ECG,0.16670908828948028,1.012
ECG,0.17580893825646676,1.014
ECG,0.18510174736799162,1.016
ECG,0.1945628826853742,1.018
ECG,0.2041679968831111,1.02
ECG,0.21389300651061133,1.022
ECG,0.22371402677740088,1.024
ECG,0.23360743676791826,1.026
ECG,0.2435499011797787,1.028
ECG,0.2535183703237752,1.03
ECG,0.26349008012387753,1.032
ECG,0.2734425521172331,1.034
ECG,0.2833535934541661,1.036
ECG,0.29320129689817825,1.038
ECG,0.30296404082594847,1.04
ECG,0.3126204878447914,1.042
ECG,0.3221495235511927,1.044
ECG,0.3315302322595262,1.046
ECG,0.34074197749668844,1.048
ECG,0.3497644084027527,1.05
ECG,0.35857745973097,1.052
ECG,0.3671613518477681,1.054
ECG,0.3754965907327524,1.056
ECG,0.3835639679787054,1.058
ECG,0.3913445607915865,1.06
ECG,0.3988197319905332,1.062
ECG,0.4059711300078589,1.064
ECG,0.4127806888890556,1.066
ECG,0.4192306282927916,1.068
ECG,0.42530345349091264,1.07
ECG,0.4309819553684419,1.072
ECG,0.4362492104235795,1.074
ECG,0.44108858076770313,1.076
ECG,0.4454837141253672,1.078
ECG,0.4494185438343038,1.08
ECG,0.4528772888454224,1.082
ECG,0.45584445372280874,1.084
ECG,0.458304828643727,1.086
ECG,0.4602434893986176,1.088
ECG,0.46164579739109907,1.09
ECG,0.4624973996379664,1.092
ECG,0.462784228769192,1.094
ECG,0.4624925030279257,1.096
ECG,0.4616078343878319,1.098
ECG,0.46008729406061905,1.1
ECG,0.4579340697643489,1.102
ECG,0.4551769686974201,1.104
ECG,0.4518443782568381,1.106
ECG,0.4479642660382171,1.108
ECG,0.4435641798357778,1.11
ECG,0.43867124764234955,1.112
ECG,0.4333121776493689,1.114
ECG,0.4275132582468798,1.116
ECG,0.4213003580235345,1.118
ECG,0.41469892576659245,1.12
ECG,0.4077339904619206,1.122
ECG,0.4004302543428423,1.124
ECG,0.3928123720366802,1.1260000000000001
ECG,0.38490467141821333,1.1280000000000001
ECG,0.3767310605608275,1.1300000000000001
ECG,0.3683150277365167,1.1320000000000001
ECG,0.3596796414158826,1.1340000000000001
ECG,0.3508475502681345,1.1360000000000001
ECG,0.34184098316108935,1.1380000000000001
ECG,0.33268174916117166,1.1400000000000001
ECG,0.3233912375334137,1.1420000000000001
ECG,0.3139904177414554,1.1440000000000001
ECG,0.3044998394475441,1.1460000000000001
ECG,0.29493963251253547,1.1480000000000001
ECG,0.28532950699589216,1.1500000000000001
ECG,0.2756887531556846,1.1520000000000001
ECG,0.26603624144859245,1.154
ECG,0.256390422529899,1.156
ECG,0.2467693272534993,1.158
ECG,0.23719056667189428,1.16
ECG,0.22767133203619305,1.162
ECG,0.21822839479611206,1.164
ECG,0.20887810659997547,1.166
ECG,0.1996363992947151,1.168
ECG,0.19051878492587046,1.17
ECG,0.18154035573758898,1.172
ECG,0.1727157841726253,1.174
ECG,0.16405932287234207,1.176
ECG,0.1555848046767094,1.178
ECG,0.14730564262430518,1.18
ECG,0.1392348299523148,1.182
ECG,0.13138494009653157,1.184
ECG,0.1237681266913564,1.186
ECG,0.11639612356979769,1.188
ECG,0.1092802447634714,1.19
ECG,0.10243138450260178,1.192
ECG,0.09586001721601986,1.194
ECG,0.08957619753116502,1.196
ECG,0.08358515746493884,1.198
ECG,0.07787954408664656,1.2
ECG,0.07245182372368839,1.202
ECG,0.06729458815745419,1.204
ECG,0.062400520986190984,1.206
ECG,0.05776239762500181,1.208
ECG,0.053373085305846585,1.21
ECG,0.049225543077541456,1.212
ECG,0.04531282180575916,1.214
ECG,0.04162806417302908,1.216
ECG,0.03816450467873699,1.218
ECG,0.034915469639125084,1.22
ECG,0.03187437718729219,1.222
ECG,0.029034737273193723,1.224
ECG,0.026390012933858002,1.226
ECG,0.023933204104036078,1.228
ECG,0.021657263805551892,1.23
ECG,0.01955523687708613,1.232
ECG,0.017620259974175725,1.234
ECG,0.01584556156921436,1.236
ECG,0.014224461951452045,1.238
ECG,0.012750373226995387,1.24
ECG,0.011416799318807567,1.242
ECG,0.010217335966708188,1.244
ECG,0.009145670727373342,1.246
ECG,0.00819558297433565,1.248
ECG,0.007360944224935174,1.25
ECG,0.00663575737441938,1.252
ECG,0.006014193968338539,1.254
ECG,0.0054905261967718305,1.256
ECG,0.005059118066655061,1.258
ECG,0.00471442540178057,1.26
ECG,0.004450995842797031,1.262
ECG,0.004263468847209866,1.264
ECG,0.004146575689380807,1.266
ECG,0.004095139460528335,1.268
ECG,0.004104075068727137,1.27
ECG,0.004168389238908558,1.272
ECG,0.00428318051286058,1.274
ECG,0.00444363924922743,1.276
ECG,0.004645047623510165,1.278
ECG,0.004882779628066082,1.28
ECG,0.005152301072109098,1.282
ECG,0.005449169581709509,1.284
ECG,0.005769034599794406,1.286
ECG,0.006107637386147219,1.288
ECG,0.006460811017407843,1.29
ECG,0.0068244803870727636,1.292
ECG,0.007194662205494931,1.294
ECG,0.0075687256467197265,1.296
ECG,0.007948864339668522,1.298
ECG,0.008334039461728336,1.3
ECG,0.008722784159620856,1.302
ECG,0.009113668269790903,1.304
ECG,0.00950529831840552,1.306
ECG,0.009896317521354808,1.308
ECG,0.010285405784251501,1.31
ECG,0.01067127970243107,1.312
ECG,0.01105269256095176,1.314
ECG,0.011428434334594444,1.316
ECG,0.011797331687862837,1.318
ECG,0.012158247974983334,1.32
ECG,0.01251008323990506,1.322
ECG,0.012851774216299926,1.324
ECG,0.013182294327562395,1.326
ECG,0.013500830562821382,1.328
ECG,0.013807314104973711,1.33
ECG,0.014101889702650864,1.332
ECG,0.01438473879420661,1.334
ECG,0.01465607950771773,1.336
ECG,0.014916166660983434,1.338
ECG,0.01516529176152598,1.34
ECG,0.015403783006590323,1.342
ECG,0.015632005283143964,1.344
ECG,0.015850360167877157,1.346
ECG,0.016059285927203078,1.348
ECG,0.01625925751725745,1.35
ECG,0.016450786583898876,1.352
ECG,0.016634421462708462,1.354
ECG,0.016810747178990275,1.356
ECG,0.016980385447771064,1.358
ECG,0.017143994673800317,1.36
ECG,0.017302269951550132,1.362
ECG,0.017455943065215376,1.364
ECG,0.01760578248871375,1.366
ECG,0.017752593385685703,1.368
ECG,0.017897217609494205,1.37
ECG,0.01804053370322518,1.372
ECG,0.018183456899687193,1.374
ECG,0.018326939121411565,1.3760000000000001
ECG,0.018471968980652308,1.3780000000000001
ECG,0.018619571779386102,1.3800000000000001
ECG,0.018770809509312446,1.3820000000000001
ECG,0.018926780851853817,1.3840000000000001
ECG,0.01908862117815488,1.3860000000000001
ECG,0.019257511999407756,1.3880000000000001
ECG,0.019439180759113335,1.3900000000000001
ECG,0.019637073080825507,1.3920000000000001
ECG,0.01985067492402114,1.3940000000000001
ECG,0.020080144431960795,1.3960000000000001
ECG,0.020326311931688837,1.3980000000000001
ECG,0.020590679934033553,1.4000000000000001
ECG,0.02087542313360706,1.4020000000000001
ECG,0.0211833884088053,1.4040000000000001
ECG,0.021518094821808227,1.4060000000000001
ECG,0.02188373361857939,1.408
ECG,0.022285168228866427,1.41
ECG,0.02272793426620073,1.412
ECG,0.023218239527897325,1.414
ECG,0.023762963995055474,1.416
ECG,0.02436965983255813,1.418
ECG,0.025046551389071813,1.42
ECG,0.02580253519704745,1.422
ECG,0.026647179972719197,1.424
ECG,0.027590726616105683,1.426
ECG,0.02864408821100879,1.428
ECG,0.02981860651724647,1.43
ECG,0.031125321447346706,1.432
ECG,0.03257570158985343,1.434
ECG,0.03418188771709387,1.436
ECG,0.035956692785179815,1.438
ECG,0.037913601934006225,1.44
ECG,0.04006677248725245,1.442
ECG,0.04243103395238132,1.444
ECG,0.045021888020639535,1.446
ECG,0.047855508567057996,1.448
ECG,0.050948741650451074,1.45
ECG,0.054319105513417086,1.452
ECG,0.05798479058233829,1.454
ECG,0.06196465946738075,1.456
ECG,0.06627824695925946,1.458
ECG,0.07094594849612675,1.46
ECG,0.07598830318523367,1.462
ECG,0.08141300457302844,1.464
ECG,0.08722211204094533,1.466
ECG,0.09341464663695367,1.468
ECG,0.09998659107555803,1.47
ECG,0.1069308897377978,1.472
ECG,0.11423744867124745,1.474
ECG,0.12189313559001651,1.476
ECG,0.1298817798747497,1.478
ECG,0.13818417257262627,1.48
ECG,0.14677806639736105,1.482
ECG,0.15563817572920374,1.484
ECG,0.16473617661493903,1.486
ECG,0.1740407067678864,1.488
ECG,0.1835173655679008,1.49
ECG,0.19312871406137203,1.492
ECG,0.20283427496122458,1.494
ECG,0.21259053264691857,1.496
ECG,0.22235093316444873,1.498
ECG,0.23206588422634508,1.5
ECG,0.24168275521167237,1.502
ECG,0.2511458771660309,1.504
ECG,0.26039654280155516,1.506
ECG,0.2693730064969154,1.508
ECG,0.2780104842973166,1.51
ECG,0.28624115391449895,1.512
ECG,0.2939941547267374,1.514
ECG,0.3011955877788423,1.516
ECG,0.3077685157821585,1.518
ECG,0.3136329631145664,1.52
ECG,0.3187059158204812,1.522
ECG,0.3229041365474785,1.524
ECG,0.3261894179038999,1.526
ECG,0.3285640434795607,1.528
ECG,0.33003432595967463,1.53
ECG,0.33060977023560034,1.532
ECG,0.3303040146180048,1.534
ECG,0.32913388962369977,1.536
ECG,0.3271191042379232,1.538
ECG,0.3242822459143375,1.54
ECG,0.3206487805750308,1.542
ECG,0.3162470526105164,1.544
ECG,0.31110828487973297,1.546
ECG,0.3052665787100441,1.548
ECG,0.29875891389723874,1.55
ECG,0.29162514870553125,1.552
ECG,0.2839080198675612,1.554
ECG,0.2756531425843931,1.556
ECG,0.2669090105255172,1.558
ECG,0.25772699582884884,1.56
ECG,0.2481613491007284,1.562
ECG,0.2382691994159216,1.564
ECG,0.2281105543176195,1.566
ECG,0.2177482998174383,1.568
ECG,0.2072482003954197,1.57
ECG,0.1966788990000303,1.572
ECG,0.1861119170481621,1.574
ECG,0.17562165442513253,1.576
ECG,0.165285389484684,1.578
ECG,0.1551832790489841,1.58
ECG,0.14539835840862617,1.582
ECG,0.135938644963229,1.584
ECG,0.1267665179400182,1.586
ECG,0.1179206762908488,1.588
ECG,0.10943427777246158,1.59
ECG,0.10133467184303925,1.592
ECG,0.09364339966220672,1.594
ECG,0.08637619409103058,1.596
ECG,0.07954297969201946,1.598
ECG,0.07314787272912399,1.6
ECG,0.06718918116773684,1.602
ECG,0.061659404674692414,1.604
ECG,0.056545234618267444,1.606
ECG,0.051827554068180334,1.608
ECG,0.047481437795591414,1.61
ECG,0.043476152273103266,1.612
ECG,0.03977515567476025,1.614
ECG,0.036336097876048766,1.616
ECG,0.03311082045389693,1.618
ECG,0.03004535668667524,1.62
ECG,0.027079931554195878,1.622
ECG,0.024148961737713005,1.624
ECG,0.021181055619922836,1.6260000000000001
ECG,0.018099013284963567,1.6280000000000001
ECG,0.014855468620386884,1.6300000000000001
ECG,0.011454075703714869,1.6320000000000001
ECG,0.007498887313550149,1.6340000000000001
ECG,0.0026157614134861874,1.6360000000000001
ECG,-0.0034796847707056367,1.6380000000000001
ECG,-0.010981749028665614,1.6400000000000001
ECG,-0.01999464416544596,1.6420000000000001
ECG,-0.030532498001510287,1.6440000000000001
ECG,-0.04251935337273411,1.6460000000000001
ECG,-0.05578916813040462,1.6480000000000001
ECG,-0.07008581514122075,1.6500000000000001
ECG,-0.08506308228729301,1.6520000000000001
ECG,-0.10028467246614382,1.6540000000000001
ECG,-0.1152242035907072,1.6560000000000001
ECG,-0.12928524451498224,1.6580000000000001
ECG,-0.1419651715756087,1.6600000000000001
ECG,-0.15195133510658582,1.6620000000000001
ECG,-0.15781399386064576,1.6640000000000001
ECG,-0.15827450174067817,1.666
ECG,-0.1522053123088415,1.668
ECG,-0.13862999231389778,1.67
ECG,-0.11672320816387874,1.672
ECG,-0.08581072141697281,1.674
ECG,-0.045369388781525674,1.676
ECG,0.0049728378839599685,1.678
ECG,0.06543691157082439,1.68
ECG,0.1360926901202507,1.682
ECG,0.21685893622326488,1.684
ECG,0.30750588543715257,1.686
ECG,0.40896975962626847,1.688
ECG,0.5185862982451918,1.69
ECG,0.6313660141621783,1.692
ECG,0.742763357728643,1.694
ECG,0.8486767167791569,1.696
ECG,0.9454484166314496,1.698
ECG,1.029864720086407,1.7
ECG,1.0991558274280726,1.702
ECG,1.1509958764236494,1.704
ECG,1.1835029423234944,1.706
ECG,1.1952390378611257,1.708
ECG,1.1852101132532158,1.71
ECG,1.1528660561995958,1.712
ECG,1.0981006918832559,1.714
ECG,1.0219052333162815,1.716
ECG,0.9286588741424571,1.718
ECG,0.8232263075086683,1.72
ECG,0.7100188081388076,1.722
ECG,0.5930014869345756,1.724
ECG,0.4756932909754798,1.726
ECG,0.36116700351883574,1.728
ECG,0.2520492439997662,1.73
ECG,0.15052046803120223,1.732
ECG,0.05831496740388155,1.734
ECG,-0.02327886979421338,1.736
ECG,-0.09341777881954609,1.738
ECG,-0.15170439863133495,1.74
ECG,-0.1981875320109911,1.742
ECG,-0.2332444232718744,1.744
ECG,-0.2561715142673249,1.746
ECG,-0.2681297004893758,1.748
ECG,-0.27087297049342707,1.75
ECG,-0.2660308353524127,1.752
ECG,-0.25510832865680033,1.754
ECG,-0.23948600651459157,1.756
ECG,-0.22041994755132188,1.758
ECG,-0.1990417529100606,1.76
ECG,-0.17635854625141084,1.762
ECG,-0.1532529737535095,1.764
ECG,-0.13048320411202774,1.766
ECG,-0.10868292854017012,1.768
ECG,-0.08836136076867528,1.77
ECG,-0.06990323704581552,1.772
ECG,-0.05356881613739743,1.774
ECG,-0.03949387932676099,1.776
ECG,-0.027689730414780345,1.778
ECG,-0.018043195719863143,1.78
ECG,-0.010294281834453065,1.782
ECG,-0.004021357017930986,1.784
ECG,0.0010272144967858853,1.786
ECG,0.005059986148841773,1.788
ECG,0.008268769415591938,1.79
ECG,0.010828633812601879,1.792
ECG,0.012897906893648458,1.794
ECG,0.014618174250718749,1.796
ECG,0.016114279514010958,1.798
ECG,0.01749432435193382,1.8
ECG,0.018849668471106973,1.802
ECG,0.02025492961636053,1.804
ECG,0.021767983570735783,1.806
ECG,0.02342996415548449,1.808
ECG,0.02526526323006905,1.81
ECG,0.027281530692163165,1.812
ECG,0.02946967447765053,1.814
ECG,0.03180386056062613,1.816
ECG,0.034241512953395566,1.818
ECG,0.03676070071992391,1.82
ECG,0.03943520336660908,1.822
ECG,0.04227930198696693,1.824
ECG,0.045301678410385154,1.826
ECG,0.04851051136152554,1.828
ECG,0.051913476460323446,1.83
ECG,0.055517746221988684,1.832
ECG,0.059329990057005004,1.834
ECG,0.06335637427113011,1.836
ECG,0.06760242016606278,1.838
ECG,0.07207257834144447,1.84
ECG,0.0767706543928576,1.842
ECG,0.08169995081115869,1.844
ECG,0.08686326698247819,1.846
ECG,0.09226289918822055,1.848
ECG,0.09790064060506475,1.85
ECG,0.10377778130496312,1.852
ECG,0.10989510825514219,1.854
ECG,0.1162529053181029,1.856
ECG,0.12285095325161974,1.858
ECG,0.1296885297087417,1.86
ECG,0.13676440923779132,1.862
ECG,0.14408147120843318,1.864
ECG,0.15166416462128754,1.866
ECG,0.15950354209514217,1.868
ECG,0.16758392243180087,1.87
ECG,0.17588937182228062,1.872
ECG,0.18440370384681157,1.874
ECG,0.1931104728597138,1.8760000000000001
ECG,0.20199294197451725,1.8780000000000001
ECG,0.2110341077115622,1.8800000000000001
ECG,0.22021671396111644,1.8820000000000001
ECG,0.22952325200266038,1.8840000000000001
ECG,0.2389359605048878,1.8860000000000001
ECG,0.24843682552570567,1.8880000000000001
ECG,0.2580075805122337,1.8900000000000001
ECG,0.26762970630080524,1.8920000000000001
ECG,0.2772844311169665,1.8940000000000001
ECG,0.2869527305754766,1.8960000000000001
ECG,0.29661532768030857,1.8980000000000001
ECG,0.3062526928246474,1.9000000000000001
ECG,0.31584504379089234,1.9020000000000001
ECG,0.32537234575065505,1.9040000000000001
ECG,0.3348143112647605,1.9060000000000001
ECG,0.34415040028324695,1.9080000000000001
ECG,0.35335982014536577,1.9100000000000001
ECG,0.3624215255795812,1.9120000000000001
ECG,0.37131421870357084,1.9140000000000001
ECG,0.3800163490242253,1.9160000000000001
ECG,0.3885061134376485,1.9180000000000001
ECG,0.3967614562291562,1.92
ECG,0.4047600690732805,1.922
ECG,0.4124793910337636,1.924
ECG,0.4198966085635618,1.926
ECG,0.4269886555048444,1.928
ECG,0.43373221308899435,1.93
ECG,0.44010370993660697,1.932
ECG,0.44607932205749096,1.934
ECG,0.4516349728506686,1.936
ECG,0.456746333104375,1.938
ECG,0.46138885395383106,1.94
ECG,0.46553786575456163,1.942
ECG,0.4691684792090783,1.944
ECG,0.47225555240910516,1.946
ECG,0.4747761811986151,1.948
ECG,0.47672657301425586,1.95
ECG,0.47811095095690115,1.952
ECG,0.47893427247211035,1.954
ECG,0.47920222792212125,1.956
ECG,0.4789212405858485,1.958
ECG,0.478098466658885,1.96
ECG,0.4767417952535006,1.962
ECG,0.474859848398643,1.964
ECG,0.47246198103993753,1.966
ECG,0.46955828103968694,1.968
ECG,0.46615956917687185,1.97
ECG,0.46227739914715,1.972
ECG,0.457924057562857,1.974
ECG,0.4531125639530058,1.976
ECG,0.4478566707632875,1.978
ECG,0.4421708633560701,1.98
ECG,0.4360703600103992,1.982
ECG,0.4295711119219987,1.984
ECG,0.4226898032032694,1.986
ECG,0.4154438508832893,1.988
ECG,0.4078514049078154,1.99
ECG,0.3999313481392806,1.992
ECG,0.3917032963567969,1.994
ECG,0.3831875982561526,1.996
ECG,0.3744053354498143,1.998
ECG,0.36537832246692575,2.0
ECG,0.3561291067533076,2.0020000000000002
ECG,0.3466809686714623,2.004
ECG,0.337057921500562,2.0060000000000002
ECG,0.3272847114364654,2.008
ECG,0.31738681759170007,2.0100000000000002
ECG,0.30739045199547943,2.012
ECG,0.2973225595936865,2.0140000000000002
ECG,0.28721081824889,2.016
ECG,0.27708363874032754,2.0180000000000002
ECG,0.2669701647639234,2.02
ECG,0.25690027293227036,2.0220000000000002
ECG,0.24690457277464747,2.024
ECG,0.2370144067370032,2.0260000000000002
ECG,0.22726185018197143,2.028
ECG,0.21767495649350513,2.0300000000000002
ECG,0.20824768592575776,2.032
ECG,0.19898562072138906,2.0340000000000003
ECG,0.18989831188251718,2.036
ECG,0.18099469701899473,2.0380000000000003
ECG,0.1722831003484242,2.04
ECG,0.16377123081504716,2.0420000000000003
ECG,0.15546617644647157,2.044
ECG,0.14737440999694512,2.0460000000000003
ECG,0.1395017908284644,2.048
ECG,0.131853564910763,2.05
ECG,0.12443436482131745,2.052
ECG,0.11724820974535136,2.054
ECG,0.11029850547582432,2.056
ECG,0.10358804441344435,2.058
ECG,0.09711900556665579,2.06
ECG,0.09089295455165122,2.062
ECG,0.08491084359236004,2.064
ECG,0.07917301152045939,2.066
ECG,0.07367918377536334,2.068
ECG,0.06842847240423375,2.07
ECG,0.06341937606196965,2.072
ECG,0.05864978001121698,2.074
ECG,0.05411695612235998,2.076
ECG,0.04981756287352931,2.078
ECG,0.04574764535059389,2.08
ECG,0.04190263524716875,2.082
ECG,0.03827735873268914,2.084
ECG,0.03486609706578356,2.086
ECG,0.03166255337348045,2.088
ECG,0.028659817681963656,2.09
ECG,0.025850366625156787,2.092
ECG,0.0232260634447283,2.094
ECG,0.02077815799008656,2.096
ECG,0.01849728671838484,2.098
ECG,0.016373472694516014,2.1
ECG,0.014396125591117997,2.102
ECG,0.012554041688568982,2.104
ECG,0.010835403874990955,2.106
ECG,0.009227781646246918,2.108
ECG,0.007718352745389113,2.11
ECG,0.0063106763129217106,2.112
ECG,0.005007206623025343,2.114
ECG,0.0038020190613356937,2.116
ECG,0.0026893636910338796,2.118
ECG,0.0016636652528440633,2.12
ECG,0.0007195231650356029,2.122
ECG,-0.00014828847657881103,2.124
ECG,-0.0009448208986418544,2.126
ECG,-0.0016749506502525893,2.128
ECG,-0.0023433796029651045,2.13
ECG,-0.0029546349507901665,2.132
ECG,-0.003513069210193724,2.134
ECG,-0.004022860220098078,2.136
ECG,-0.004488011141881191,2.138
ECG,-0.004912350459376807,2.14
ECG,-0.005299531978874478,2.142
ECG,-0.005653010177164016,2.144
ECG,-0.005975966245667217,2.146
ECG,-0.006271382046306064,2.148
ECG,-0.0065420647634582135,2.15
ECG,-0.006790646903957458,2.152
ECG,-0.0070195862970929244,2.154
ECG,-0.007231166094610188,2.156
ECG,-0.007427494770710344,2.158
ECG,-0.0076105061220503555,2.16
ECG,-0.007781959267743088,2.162
ECG,-0.0079434386493572,2.164
ECG,-0.008096354030917206,2.166
ECG,-0.008241940498903685,2.168
ECG,-0.008381258462252655,2.17
ECG,-0.008515193652356316,2.172
ECG,-0.008644457123062665,2.174
ECG,-0.008769585250675461,2.176
ECG,-0.00889093973395424,2.178
ECG,-0.009008707594114625,2.18
ECG,-0.009122901174827907,2.182
ECG,-0.009233358142221242,2.184
ECG,-0.009339714153648095,2.186
ECG,-0.009440524811844925,2.188
ECG,-0.00953607563148905,2.19
ECG,-0.00962754663101137,2.192
ECG,-0.009716030832770726,2.194
ECG,-0.009802534263053385,2.196
ECG,-0.00988797595207348,2.198
ECG,-0.009973187933972819,2.2
ECG,-0.01005891524682074,2.202
ECG,-0.010145815932614348,2.204
ECG,-0.010234461037278677,2.206
ECG,-0.010325334610665973,2.208
ECG,-0.010418833706556588,2.21
ECG,-0.01051526838265818,2.212
ECG,-0.010614861700606572,2.214
ECG,-0.010717749725964742,2.216
ECG,-0.010823981528223791,2.218
ECG,-0.010933519180802211,2.22
ECG,-0.011046237761046305,2.222
ECG,-0.011161925350230053,2.224
ECG,-0.011280283033555032,2.226
ECG,-0.011400924900150752,2.228
ECG,-0.011523378043074097,2.23
ECG,-0.011647082559309768,2.232
ECG,-0.011771391549770166,2.234
ECG,-0.011895571119295293,2.236
ECG,-0.012018800376653179,2.238
ECG,-0.012140171434538872,2.24
ECG,-0.01225868940957579,2.242
ECG,-0.012373272422314615,2.244
ECG,-0.012482765833390128,2.246
ECG,-0.012585984951989714,2.248
ECG,-0.01268167232738505,2.25
ECG,-0.012768483512775085,2.2520000000000002
ECG,-0.012844987065286861,2.254
ECG,-0.012909664545974767,2.2560000000000002
ECG,-0.01296091051982094,2.258
ECG,-0.012997032555735413,2.2600000000000002
ECG,-0.013016251226555638,2.262
ECG,-0.013016700109046889,2.2640000000000002
ECG,-0.012996425783902138,2.266
ECG,-0.012953387835742007,2.2680000000000002
ECG,-0.012885458853114769,2.27
ECG,-0.01279042442849632,2.2720000000000002
ECG,-0.012665983158290537,2.274
ECG,-0.012509746642828513,2.2760000000000002
ECG,-0.012319239486369597,2.278
ECG,-0.012095931827555194,2.2800000000000002
ECG,-0.011841675600335933,2.282
ECG,-0.011542565232981788,2.2840000000000003
ECG,-0.011184097696319091,2.286
ECG,-0.01075185781540143,2.2880000000000003
ECG,-0.010231518269510385,2.29
ECG,-0.009608842074032349,2.2920000000000003
ECG,-0.008869713792550093,2.294
ECG,-0.008000130125562539,2.2960000000000003
ECG,-0.0069861761638826915,2.298
ECG,-0.00581402485255011,2.3000000000000003
ECG,-0.0044699369908330275,2.302
ECG,-0.0029402612322263046,2.3040000000000003
ECG,-0.0012114340844535925,2.306
ECG,0.0007300200905349095,2.308
ECG,0.002897489076561324,2.31
ECG,0.005304272803218879,2.312
ECG,0.007963583345875084,2.314
ECG,0.010888544925667619,2.316
ECG,0.014092193909509006,2.318
ECG,0.017587478810081415,2.32
ECG,0.021387260285842348,2.322
ECG,0.025504311141018445,2.324
ECG,0.029951316325612362,2.326
ECG,0.034740872935394906,2.328
ECG,0.03988549021191382,2.33
ECG,0.04539758954248478,2.332
ECG,0.05128950446020014,2.334
ECG,0.05757348064392001,2.336
ECG,0.06426167591828205,2.338
ECG,0.07139195716066636,2.34
ECG,0.07896701120274299,2.342
ECG,0.08694104432666974,2.344
ECG,0.09526794726450363,2.346
ECG,0.10390128767054442,2.348
ECG,0.11279423100246559,2.35
ECG,0.12189961964018352,2.352
ECG,0.13116999925883333,2.354
ECG,0.14055761882875406,2.356
ECG,0.1500144306155039,2.358
ECG,0.15949209017984478,2.36
ECG,0.168941956377758,2.362
ECG,0.17831509136042817,2.364
ECG,0.18756226057425932,2.366
ECG,0.19663393276085933,2.368
ECG,0.2054802799570548,2.37
ECG,0.21405117749487673,2.372
ECG,0.2222962040015748,2.374
ECG,0.23016464139960235,2.376
ECG,0.23760547490663234,2.378
ECG,0.2445673930355415,2.38
ECG,0.25099878759442473,2.382
ECG,0.256847753686582,2.384
ECG,0.26206208971053124,2.386
ECG,0.26658929735999587,2.388
ECG,0.27037658162391537,2.39
ECG,0.2733708507864374,2.392
ECG,0.2755187164269234,2.394
ECG,0.27676649341994475,2.396
ECG,0.2770590912420404,2.398
ECG,0.27634043014480797,2.4
ECG,0.27464442666700234,2.402
ECG,0.2720293490700781,2.404
ECG,0.2685528568129718,2.406
ECG,0.2642720005521051,2.408
ECG,0.2592432221413808,2.41
ECG,0.2535223546321878,2.412
ECG,0.24716462227339478,2.414
ECG,0.24022464051135844,2.416
ECG,0.23275641598991295,2.418
ECG,0.2248133465503829,2.42
ECG,0.2164482212315684,2.422
ECG,0.20771322026976083,2.424
ECG,0.19865991509872713,2.426
ECG,0.18933926834972545,2.428
ECG,0.17980163385148915,2.43
ECG,0.17009675663024348,2.432
ECG,0.16027377290968825,2.434
ECG,0.15038121011101543,2.436
ECG,0.1404669868528915,2.438
ECG,0.13057841295147515,2.44
ECG,0.12076218942039962,2.442
ECG,0.11106440847079041,2.444
ECG,0.10153055351124736,2.446
ECG,0.0922054991478624,2.448
ECG,0.08313355156219414,2.45
ECG,0.07435856964526018,2.452
ECG,0.06592384386354493,2.454
ECG,0.05787205588102402,2.456
ECG,0.050245278559149065,2.458
ECG,0.0431280911221303,2.46
ECG,0.036745983489126006,2.462
ECG,0.031035567676775438,2.464
ECG,0.025894037139481386,2.466
ECG,0.021222765697385768,2.468
ECG,0.016927307536360972,2.47
ECG,0.012917397208017847,2.472
ECG,0.009106949629697979,2.474
ECG,0.005414060084480983,2.476
ECG,0.0017610042211778645,2.478
ECG,-0.0019257619456629525,2.48
ECG,-0.005715602035761302,2.482
ECG,-0.009673699303099671,2.484
ECG,-0.013861056635928916,2.486
ECG,-0.01833449655676215,2.488
ECG,-0.02314666122238169,2.49
ECG,-0.028346012423831002,2.492
ECG,-0.03397683158642382,2.494
ECG,-0.040079219769734234,2.496
ECG,-0.0466890976676071,2.498
ECG,-0.053838205470850706,2.5
ECG,-0.0615540998467266,2.5020000000000002
ECG,-0.06986015393893734,2.504
ECG,-0.07877556038816134,2.5060000000000002
ECG,-0.08831533146933492,2.508
ECG,-0.09849029909166813,2.5100000000000002
ECG,-0.10930711479862756,2.512
ECG,-0.12076824976795482,2.5140000000000002
ECG,-0.13287199481164702,2.516
ECG,-0.145612460375977,2.5180000000000002
ECG,-0.15897957654147216,2.52
ECG,-0.17295909302293716,2.5220000000000002
ECG,-0.18796342849366415,2.524
ECG,-0.20311146957685727,2.5260000000000002
ECG,-0.2158680086957077,2.528
ECG,-0.22400295058236347,2.5300000000000002
ECG,-0.22561280920478605,2.532
ECG,-0.21912070776676243,2.5340000000000003
ECG,-0.2032763787079044,2.536
ECG,-0.17715616370363535,2.5380000000000003
ECG,-0.1401630136652195,2.54
ECG,-0.09202648873971495,2.5420000000000003
ECG,-0.032802758310039634,2.544
ECG,0.03712539900511447,2.5460000000000003
ECG,0.11704859535117564,2.548
ECG,0.20593083363781717,2.5500000000000003
ECG,0.3024094511391074,2.552
ECG,0.4047949502945403,2.5540000000000003
ECG,0.5110711679079938,2.556
ECG,0.6188953315476137,2.5580000000000003
ECG,0.7255980595456318,2.56
ECG,0.8281833609985283,2.562
ECG,0.9233286357669591,2.564
ECG,1.006642353441831,2.566
ECG,1.0735921186444142,2.568
ECG,1.1212815517883232,2.57
ECG,1.147660088579078,2.572
ECG,1.1515206463977372,2.574
ECG,1.1324996243009424,2.576
ECG,1.0910769030209115,2.578
ECG,1.0285758449654072,2.58
ECG,0.9471632942178053,2.582
ECG,0.8498495765369917,2.584
ECG,0.7404884993574982,2.586
ECG,0.6237773517893371,2.588
ECG,0.5051760748157866,2.59
ECG,0.38827511200807246,2.592
ECG,0.2753851402435951,2.594
ECG,0.16880791212125498,2.596
ECG,0.07046286209060008,2.598
ECG,-0.018112893548360987,2.6
ECG,-0.09576455664498633,2.602
ECG,-0.16171964719815674,2.604
ECG,-0.2155880033561381,2.606
ECG,-0.25736178141669913,2.608
ECG,-0.2874154558270149,2.61
ECG,-0.30650581918374203,2.612
ECG,-0.31577198223296327,2.614
ECG,-0.31641459831893554,2.616
ECG,-0.3090849793685507,2.618
ECG,-0.2954667160749328,2.62
ECG,-0.2771859530459473,2.622
ECG,-0.25570162526241436,2.624
ECG,-0.23230545807814001,2.626
ECG,-0.20812196721987913,2.628
ECG,-0.18410845878737594,2.63
ECG,-0.1610550292533219,2.632
ECG,-0.13958456546339781,2.634
ECG,-0.1201527446362331,2.636
ECG,-0.10304803436344394,2.638
ECG,-0.08839169260959878,2.64
ECG,-0.07613776771224877,2.642
ECG,-0.06607309838190105,2.644
ECG,-0.05782768610449296,2.646
ECG,-0.051080539541763455,2.648
ECG,-0.04562313205872033,2.65
ECG,-0.041260614687909494,2.652
ECG,-0.03781157801435266,2.654
ECG,-0.03510770822690171,2.656
ECG,-0.032994131066882884,2.658
ECG,-0.03132952647763754,2.66
ECG,-0.029986128604526038,2.662
ECG,-0.02884972579492505,2.664
ECG,-0.02781966059822964,2.666
ECG,-0.026808829765851208,2.668
ECG,-0.025743684251219638,2.67
ECG,-0.024564229209781182,2.672
ECG,-0.023224023999000414,2.674
ECG,-0.021690182178358504,2.676
ECG,-0.01994337150935494,2.678
ECG,-0.01797781395550536,2.68
ECG,-0.015801285682344506,2.682
ECG,-0.013435117057422369,2.684
ECG,-0.010914192650308883,2.686
ECG,-0.008286951232588626,2.688
ECG,-0.005593831999373499,2.69
ECG,-0.00274843908579777,2.692
ECG,0.0002762611831140637,2.694
ECG,0.003489273066446157,2.696
ECG,0.0068988639777254855,2.698
ECG,0.010512564484928445,2.7
ECG,0.01433716831047392,2.702
ECG,0.01837873233123083,2.704
ECG,0.022642576578510137,2.706
ECG,0.02713328429733971,2.708
ECG,0.0318547045717567,2.71
ECG,0.03680995336527767,2.712
ECG,0.042001410070243925,2.714
ECG,0.04743071723344808,2.716
ECG,0.05309878055612358,2.718
ECG,0.0590057688939552,2.72
ECG,0.06515111425706835,2.722
ECG,0.07153351181004029,2.724
ECG,0.07815091987188838,2.726
ECG,0.08500055991608223,2.728
ECG,0.09207891657053124,2.73
ECG,0.09938173761759764,2.732
ECG,0.10690403399408256,2.734
ECG,0.11464007979124045,2.736
ECG,0.1225834122547649,2.738
ECG,0.1307357289067458,2.74
ECG,0.13912617381346867,2.742
ECG,0.14773521193552838,2.744
ECG,0.15653693029698412,2.746
ECG,0.16550572646843573,2.748
ECG,0.17461630856700788,2.75
ECG,0.18384369525636596,2.7520000000000002
ECG,0.19316321574669987,2.754
ECG,0.20255037362540845,2.7560000000000002
ECG,0.21198043834908703,2.758
ECG,0.22142885375154026,2.7600000000000002
ECG,0.23087137421309695,2.762
ECG,0.24028406466062716,2.7640000000000002
ECG,0.249643300567525,2.766
ECG,0.25892576795372574,2.7680000000000002
ECG,0.26810846338568917,2.77
ECG,0.2771686939764155,2.7720000000000002
ECG,0.28608407738543046,2.774
ECG,0.2948325418187993,2.7760000000000002
ECG,0.30339232602911304,2.778
ECG,0.3117419793155028,2.7800000000000002
ECG,0.31986036152362446,2.782
ECG,0.3277266430456744,2.7840000000000003
ECG,0.33532030482037456,2.786
ECG,0.3426211383329859,2.7880000000000003
ECG,0.34960924561529616,2.79
ECG,0.3562650392456319,2.7920000000000003
ECG,0.362569242348846,2.794
ECG,0.3685028885963302,2.7960000000000003
ECG,0.374047322206003,2.798
ECG,0.37918419794232133,2.8000000000000003
ECG,0.3838954811162694,2.802
ECG,0.3881634475853692,2.8040000000000003
ECG,0.39197068375367056,2.806
ECG,0.39530008657176036,2.8080000000000003
ECG,0.39813486353675454,2.81
ECG,0.4004585326923047,2.8120000000000003
ECG,0.40225492262859264,2.814
ECG,0.4035081724823347,2.816
ECG,0.40420273193677914,2.818
ECG,0.4043233612217066,2.82
ECG,0.4038074405174156,2.822
ECG,0.4026077484125175,2.824
ECG,0.40075450794517753,2.826
ECG,0.3982777116728323,2.828
ECG,0.39520686819366035,2.83
ECG,0.39157100214658636,2.832
ECG,0.3873986542112754,2.834
ECG,0.3827178811081394,2.836
ECG,0.37755625559833006,2.838
ECG,0.37194086648374675,2.84
ECG,0.36589831860702815,2.842
ECG,0.35945473285156054,2.844
ECG,0.3526357461414691,2.846
ECG,0.3454665114416281,2.848
ECG,0.3379716977576491,2.85
ECG,0.3301754901358935,2.852
ECG,0.3221015896634597,2.854
ECG,0.3137732134681966,2.856
ECG,0.3052131980360631,2.858
ECG,0.29644430916326403,2.86
ECG,0.2874889320041143,2.862
ECG,0.27836896775368,2.864
ECG,0.26910583364776297,2.866
ECG,0.25972046296291595,2.868
ECG,0.2502333050164278,2.87
ECG,0.24066432516633876,2.872
ECG,0.23103300481142422,2.874
ECG,0.22135834139121177,2.876
ECG,0.2116588483859635,2.878
ECG,0.2019525553166941,2.88
ECG,0.19225700774515284,2.882
ECG,0.18258926727384134,2.884
ECG,0.17296591154599586,2.886
ECG,0.163403034245605,2.888
ECG,0.15391624509739213,2.89
ECG,0.14452066986683262,2.892
ECG,0.13523095036013705,2.894
ECG,0.126061244424268,2.896
ECG,0.11702522594692275,2.898
ECG,0.10813608485655082,2.9
ECG,0.0994065271223369,2.902
ECG,0.09084877475421697,2.904
ECG,0.08247456580286333,2.906
ECG,0.07429515435969877,2.908
ECG,0.0663213105568823,2.91
ECG,0.05856332056732384,2.912
ECG,0.05103098660466964,2.914
ECG,0.043733626886346424,2.916
ECG,0.0366800711971407,2.918
ECG,0.029878656674625637,2.92
ECG,0.023337235498919875,2.922
ECG,0.017063175890891846,2.924
ECG,0.011063362112147574,2.926
ECG,0.005344194465042214,2.928
ECG,-8.841070733123322e-05,2.93
ECG,-0.005231453071201772,2.932
ECG,-0.010093785834991322,2.934
ECG,-0.014684801125833612,2.936
ECG,-0.019013490973107054,2.938
ECG,-0.023088679369609393,2.94
ECG,-0.026919022271565948,2.942
ECG,-0.030513007598621463,2.944
ECG,-0.03387895523384797,2.946
ECG,-0.037025017023737464,2.948
ECG,-0.03995917677820855,2.95
ECG,-0.04268925027060047,2.952
ECG,-0.04522288523767855,2.954
ECG,-0.0475675613796291,2.956
ECG,-0.049730590360064275,2.958
ECG,-0.05171929522123268,2.96
ECG,-0.05354154862966938,2.962
ECG,-0.05520523463054636,2.964
ECG,-0.05671806923246073,2.966
ECG,-0.05808760040743144,2.968
ECG,-0.059321208090902536,2.97
ECG,-0.06042610418173988,2.972
ECG,-0.06140933254223442,2.974
ECG,-0.06227776899809906,2.976
ECG,-0.06303812133847153,2.978
ECG,-0.06369692931591178,2.98
ECG,-0.06426056464640441,2.982
ECG,-0.06473523100935635,2.984
ECG,-0.065126964047599,2.986
ECG,-0.06544163136738654,2.988
ECG,-0.06568493253839695,2.99
ECG,-0.06586239909373144,2.992
ECG,-0.06597939452991501,2.994
ECG,-0.0660411143068958,2.996
ECG,-0.06605258584804558,2.998
ECG,-0.06601866854015953,3.0
ECG,-0.06594405373345645,3.0020000000000002
ECG,-0.06583326474157837,3.004
ECG,-0.0656906568415909,3.0060000000000002
ECG,-0.0655204172739832,3.008
ECG,-0.06532656524266758,3.0100000000000002
ECG,-0.06511295191498026,3.012
ECG,-0.06488326042168073,3.0140000000000002
ECG,-0.06464100585695173,3.016
ECG,-0.06438953527839988,3.0180000000000002
ECG,-0.06413202770705484,3.02
ECG,-0.06387149412737002,3.0220000000000002
ECG,-0.0636107774872222,3.024
ECG,-0.06335255269791167,3.0260000000000002
ECG,-0.06309932663416223,3.028
ECG,-0.06285343813412093,3.0300000000000002
ECG,-0.06261705799935854,3.032
ECG,-0.06239218899486908,3.0340000000000003
ECG,-0.06218066584907021,3.036
ECG,-0.061984155253803006,3.0380000000000003
ECG,-0.061804155864331835,3.04
ECG,-0.0616419982993448,3.0420000000000003
ECG,-0.06149884514095345,3.044
ECG,-0.06137569093469253,3.0460000000000003
ECG,-0.06127336218952053,3.048
ECG,-0.061192517377819125,3.0500000000000003
ECG,-0.06113364693539391,3.052
ECG,-0.061097073261473386,3.0540000000000003
ECG,-0.061082230184790864,3.056
ECG,-0.06108158737280847,3.0580000000000003
ECG,-0.061096346262117324,3.06
ECG,-0.06113010766106365,3.0620000000000003
ECG,-0.061184992073745795,3.064
ECG,-0.06126259777186861,3.0660000000000003
ECG,-0.06136432015202824,3.068
ECG,-0.061491351735712504,3.0700000000000003
ECG,-0.06164468216930048,3.072
ECG,-0.06182509822406257,3.074
ECG,-0.06203318379616078,3.076
ECG,-0.062269319906648586,3.078
ECG,-0.06253368470147055,3.08
ECG,-0.06282625345146303,3.082
ECG,-0.06314679855235344,3.084
ECG,-0.06349488952476103,3.086
ECG,-0.063869893014196,3.088
ECG,-0.06427097279106038,3.09
ECG,-0.06469708975064735,3.092
ECG,-0.06514700191314164,3.094
ECG,-0.06561926442361932,3.096
ECG,-0.0661122295520479,3.098
ECG,-0.06662404669328635,3.1
ECG,-0.06715266236708499,3.102
ECG,-0.06769582021808565,3.104
ECG,-0.06825106101582143,3.106
ECG,-0.06881572265471703,3.108
ECG,-0.06938694015408842,3.11
ECG,-0.06996164565814297,3.112
ECG,-0.07053656843597969,3.114
ECG,-0.07110823488158872,3.116
ECG,-0.0716729685138519,3.118
ECG,-0.07222688997654209,3.12
ECG,-0.07276591703832402,3.122
ECG,-0.07328576459007045,3.124
ECG,-0.07378194270217929,3.126
ECG,-0.07424975319536421,3.128
ECG,-0.07468429409487068,3.13
ECG,-0.07508046055083553,3.132
ECG,-0.07543294483828733,3.134
ECG,-0.0757362363571456,3.136
ECG,-0.0759846216322219,3.138
ECG,-0.0761721843132185,3.14
ECG,-0.07629280517472957,3.142
ECG,-0.07634016211624049,3.144
ECG,-0.07630773016212833,3.146
ECG,-0.0761887814616611,3.148
ECG,-0.07597638528899872,3.15
ECG,-0.07566340804319205,3.152
ECG,-0.07524251324818397,3.154
ECG,-0.07470616155280803,3.156
ECG,-0.07406252202003752,3.158
ECG,-0.07333515739766949,3.16
ECG,-0.07248670626918627,3.162
ECG,-0.07147887881732806,3.164
ECG,-0.07027708726717545,3.166
ECG,-0.06884967065580753,3.168
ECG,-0.0671676364221914,3.17
ECG,-0.06520466040717891,3.172
ECG,-0.06293708685351053,3.174
ECG,-0.06034392840581094,3.176
ECG,-0.057406866110593806,3.178
ECG,-0.054110249416256764,3.18
ECG,-0.05044109617308679,3.182
ECG,-0.04638909263325415,3.184
ECG,-0.04194659345081933,3.186
ECG,-0.037108621681725316,3.188
ECG,-0.031872868783805845,3.19
ECG,-0.02623969461677681,3.192
ECG,-0.020212127442245296,3.194
ECG,-0.01379586392369999,3.196
ECG,-0.0069992691265211415,3.198
ECG,0.00016662348202975017,3.2
ECG,0.0076881120327987554,3.202
ECG,0.015548826254752037,3.204
ECG,0.02372972747496209,3.206
ECG,0.03220910861862228,3.208
ECG,0.04096259420903187,3.21
ECG,0.049963140367611375,3.212
ECG,0.05918103481388688,3.214
ECG,0.06858389686550577,3.216
ECG,0.07813667743822106,3.218
ECG,0.08780165904590734,3.22
ECG,0.09753845580054411,3.222
ECG,0.10731059985215625,3.224
ECG,0.11705150181919678,3.226
ECG,0.126673554446287,3.228
ECG,0.13609394874822373,3.23
ECG,0.14523469970813882,3.232
ECG,0.1540226462774821,3.234
ECG,0.16238945137603697,3.236
ECG,0.17027160189190554,3.238
ECG,0.1776104086815235,3.24
ECG,0.1843520065696458,3.242
ECG,0.19044735434935944,3.244
ECG,0.19585223478207223,3.246
ECG,0.20052725459752296,3.248
ECG,0.20443784449377228,3.25
ECG,0.20755425913721046,3.2520000000000002
ECG,0.209851577162551,3.254
ECG,0.2113097011728361,3.2560000000000002
ECG,0.2119133577394319,3.258
ECG,0.21165209740203167,3.2600000000000002
ECG,0.2105202946686555,3.262
ECG,0.20851714801564764,3.2640000000000002
ECG,0.20564659091575868,3.266
ECG,0.2019060714818577,3.2680000000000002
ECG,0.19733598118028678,3.27
ECG,0.19199948792933025,3.2720000000000002
ECG,0.18595916971376522,3.274
ECG,0.17927701458485262,3.2760000000000002
ECG,0.17201442066034817,3.278
ECG,0.16423219612448997,3.2800000000000002
ECG,0.15599055922801172,3.282
ECG,0.14734913828812893,3.2840000000000003
ECG,0.13836697168855347,3.286
ECG,0.12910250787947813,3.2880000000000003
ECG,0.11961360537759284,3.29
ECG,0.10995753276606775,3.2920000000000003
ECG,0.1001909686945707,3.294
ECG,0.09037000187924939,3.2960000000000003
ECG,0.08055013110274961,3.298
ECG,0.0707862652141967,3.3000000000000003
ECG,0.06113272312921397,3.302
ECG,0.05164323382990452,3.3040000000000003
ECG,0.04237093636486938,3.306
ECG,0.0333683798491896,3.3080000000000003
ECG,0.024684021701867988,3.31
ECG,0.01626523098066634,3.3120000000000003
ECG,0.008122205475375706,3.314
ECG,0.0003090489815673978,3.3160000000000003
ECG,-0.00712909930833271,3.318
ECG,-0.014156064805058852,3.3200000000000003
ECG,-0.02074463752249088,3.322
ECG,-0.026876572077668026,3.3240000000000003
ECG,-0.03254258769077632,3.326
ECG,-0.037742368185160205,3.3280000000000003
ECG,-0.04248456198731166,3.33
ECG,-0.04678678212687912,3.332
ECG,-0.05067560339071461,3.334
ECG,-0.054186553785024696,3.336
ECG,-0.0573641230732231,3.338
ECG,-0.06026176562187331,3.34
ECG,-0.06294190040069428,3.342
ECG,-0.06547591098255537,3.344
ECG,-0.06794414554348106,3.346
ECG,-0.07043591686264626,3.348
ECG,-0.07304950232238092,3.35
ECG,-0.0758921439081656,3.352
ECG,-0.07908004820863591,3.354
ECG,-0.08273838641557757,3.356
ECG,-0.08700129432393243,3.358
ECG,-0.09201187233179116,3.36
ECG,-0.09792239225179065,3.362
ECG,-0.10493379547533557,3.364
ECG,-0.11328885909318995,3.366
ECG,-0.1231302835328559,3.368
ECG,-0.13448336451961695,3.37
ECG,-0.1472561811781669,3.372
ECG,-0.16123965873317828,3.374
ECG,-0.17610756850927986,3.376
ECG,-0.19141652793108144,3.378
ECG,-0.20660600052314737,3.38
ECG,-0.22099829591002385,3.382
ECG,-0.2337985698162119,3.384
ECG,-0.2440948240661927,3.386
ECG,-0.25085790658440577,3.388
ECG,-0.2529415113952655,3.39
ECG,-0.24908217862315132,3.392
ECG,-0.23815721554922042,3.394
ECG,-0.22024743522024975,3.396
ECG,-0.19384119905543637,3.398
ECG,-0.15752668877022852,3.4
ECG,-0.11037261883112681,3.402
ECG,-0.051928236455749746,3.404
ECG,0.0177766783872506,3.406
ECG,0.09823181297808466,3.408
ECG,0.18844632184594884,3.41
ECG,0.28694882676888334,3.412
ECG,0.39178741677393136,3.414
ECG,0.5005296481369654,3.416
ECG,0.6102625443828719,3.418
ECG,0.7175925962853604,3.42
ECG,0.818645761867155,3.422
ECG,0.9090674663998085,3.424
ECG,0.9841877092681185,3.426
ECG,1.0405825044788075,3.428
ECG,1.0761349097441038,3.43
ECG,1.0895088886591477,3.432
ECG,1.0801456391806519,3.434
ECG,1.0482635936268787,3.436
ECG,0.9948584186776259,3.438
ECG,0.9217030153742812,3.44
ECG,0.8313475191197289,3.442
ECG,0.7271192996784771,3.444
ECG,0.6131229611765006,3.446
ECG,0.4942403421014237,3.448
ECG,0.3758248571477607,3.45
ECG,0.260632613037425,3.452
ECG,0.15083026235285044,3.454
ECG,0.048458470798335346,3.456
ECG,-0.04481373870666507,3.458
ECG,-0.12768898602736103,3.46
ECG,-0.19924153381379042,3.462
ECG,-0.2589172875006738,3.464
ECG,-0.3065337953075408,3.466
ECG,-0.3422802482386238,3.468
ECG,-0.36671749457919994,3.47
ECG,-0.3807780833842983,3.472
ECG,-0.3857262190119066,3.474
ECG,-0.3821862207165451,3.476
ECG,-0.3715193026956915,3.478
ECG,-0.3554151403141714,3.48
ECG,-0.33539930498426146,3.482
ECG,-0.31283326416571733,3.484
ECG,-0.28891438136573894,3.486
ECG,-0.26467591613900915,3.488
ECG,-0.240987024087653,3.49
ECG,-0.2185527568612791,3.492
ECG,-0.19791406215693902,3.494
ECG,-0.17944778371916592,3.496
ECG,-0.16336666133993888,3.498
ECG,-0.1497193308587147,3.5
ECG,-0.1383903241624005,3.5020000000000002
ECG,-0.12910006918537717,3.504
ECG,-0.12144188450080896,3.5060000000000002
ECG,-0.11514389551414553,3.508
ECG,-0.11001376427051679,3.5100000000000002
ECG,-0.10587045568866522,3.512
ECG,-0.10254548918027992,3.5140000000000002
ECG,-0.09988293865000396,3.516
ECG,-0.09773943249542838,3.5180000000000002
ECG,-0.09598415360709703,3.52
ECG,-0.09449883936850267,3.5220000000000002
ECG,-0.09317778165609007,3.524
ECG,-0.09192782683925362,3.5260000000000002
ECG,-0.09066837578033926,3.528
ECG,-0.08933138383464283,3.5300000000000002
ECG,-0.08786136085041163,3.532
ECG,-0.0862153711688425,3.5340000000000003
ECG,-0.08436303362408441,3.536
ECG,-0.0822865215432353,3.5380000000000003
ECG,-0.07998056274634559,3.54
ECG,-0.0774524427060316,3.5420000000000003
ECG,-0.0747220198389225,3.544
ECG,-0.07182171373308659,3.5460000000000003
ECG,-0.06879649847875756,3.548
ECG,-0.06569591949235101,3.5500000000000003
ECG,-0.06245137843708112,3.552
ECG,-0.05902257735081498,3.5540000000000003
ECG,-0.055400450226623855,3.556
ECG,-0.051576733154184574,3.5580000000000003
ECG,-0.04754396431978623,3.56
ECG,-0.04329548400632301,3.5620000000000003
ECG,-0.03882543459330166,3.564
ECG,-0.03412876055683381,3.5660000000000003
ECG,-0.02920120846964402,3.568
ECG,-0.024039327001061074,3.5700000000000003
ECG,-0.018640521115882523,3.572
ECG,-0.013003214670929889,3.5740000000000003
ECG,-0.007126687818493491,3.576
ECG,-0.0010110228074674448,3.5780000000000003
ECG,0.005342896016640104,3.58
ECG,0.011933382211717844,3.5820000000000003
ECG,0.018757947239039906,3.584
ECG,0.02581330046327579,3.586
ECG,0.03309534915248679,3.588
ECG,0.040599198478120255,3.59
ECG,0.04831915151502156,3.592
ECG,0.056248709241420385,3.594
ECG,0.06438057053894458,3.596
ECG,0.07270663219260616,3.598
ECG,0.08121798889081572,3.6
ECG,0.08990493322536736,3.602
ECG,0.09875907051087368,3.604
ECG,0.10781218944567682,3.606
ECG,0.11705450089530618,3.608
ECG,0.12645469413642682,3.61
ECG,0.135982073432794,3.612
ECG,0.14560655803523675,3.614
ECG,0.15529868218167397,3.616
ECG,0.16502959509709855,3.618
ECG,0.17477106099359344,3.62
ECG,0.18449545907031523,3.622
ECG,0.19417578351351095,3.624
ECG,0.20378564349650094,3.626
ECG,0.213299263179696,3.628
ECG,0.22269148171058048,3.63
ECG,0.23193775322372917,3.632
ECG,0.24101414684079014,3.634
ECG,0.24989734667050184,3.636
ECG,0.258564651808677,3.638
ECG,0.2669939763382172,3.64
ECG,0.27516384932909904,3.642
ECG,0.2830534148383883,3.644
ECG,0.2906424319102255,3.646
ECG,0.29791127457584,3.648
ECG,0.3048409318535364,3.65
ECG,0.31141300774870784,3.652
ECG,0.31760972125382325,3.654
ECG,0.3234139063484387,3.656
ECG,0.32880901199918766,3.658
ECG,0.3337791021597901,3.66
ECG,0.3383088557710435,3.662
ECG,0.3423835667608311,3.664
ECG,0.3459891440441146,3.666
ECG,0.349112111522941,3.668
ECG,0.3517396080864364,3.67
ECG,0.3538593876108108,3.672
ECG,0.35545993326105424,3.674
ECG,0.35653080039603613,3.676
ECG,0.35706227366340665,3.678
ECG,0.3570452526978983,3.68
ECG,0.35647125212132513,3.682
ECG,0.3553324015425836,3.684
ECG,0.3536214455576518,3.686
ECG,0.3512913407439698,3.688
ECG,0.3482994156348618,3.69
ECG,0.3446801435063949,3.692
ECG,0.3404680482771491,3.694
ECG,0.33569698125531644,3.696
ECG,0.3304001211387101,3.698
ECG,0.32460997401475494,3.7
ECG,0.3183583733604975,3.702
ECG,0.3116764800425952,3.704
ECG,0.3045947823173276,3.706
ECG,0.29714309583058524,3.708
ECG,0.2893505636178808,3.71
ECG,0.2812456561043373,3.712
ECG,0.2728561711047012,3.714
ECG,0.2642092338233277,3.716
ECG,0.2553312968541966,3.718
ECG,0.24624814018089605,3.72
ECG,0.23698487117663863,3.722
ECG,0.22756592460424588,3.724
ECG,0.21801506261616324,3.726
ECG,0.20835537475444482,3.728
ECG,0.19860927795076957,3.73
ECG,0.18879851652642424,3.732
ECG,0.17894416219232076,3.734
ECG,0.16906661404897907,3.736
ECG,0.15918559858654407,3.738
ECG,0.14932016968476844,3.74
ECG,0.13948870861303003,3.742
ECG,0.12970892403031492,3.744
ECG,0.1199978519852337,3.746
ECG,0.1103718559160051,3.748
ECG,0.10084662921653219,3.75
ECG,0.09143721500454254,3.7520000000000002
ECG,0.08215799528713513,3.754
ECG,0.07302267955605551,3.7560000000000002
ECG,0.06404430469267475,3.758
ECG,0.05523523496797163,3.7600000000000002
ECG,0.04660716204254979,3.762
ECG,0.03817110496662146,3.7640000000000002
ECG,0.02993741018002309,3.766
ECG,0.02191575151219992,3.7680000000000002
ECG,0.014115130182221054,3.77
ECG,0.0065438747987650895,3.7720000000000002
ECG,-0.0007903586398659186,3.774
ECG,-0.007880776938797554,3.7760000000000002
ECG,-0.01472202028568071,3.778
ECG,-0.02130959167159311,3.7800000000000002
ECG,-0.027639666697989864,3.782
ECG,-0.03370909357671589,3.7840000000000003
ECG,-0.039515393129993276,3.786
ECG,-0.04505675879043367,3.7880000000000003
ECG,-0.05033205660102665,3.79
ECG,-0.05534082521515046,3.7920000000000003
ECG,-0.06008327589656229,3.794
ECG,-0.06456027080691368,3.7960000000000003
ECG,-0.06877168907987338,3.798
ECG,-0.07272400585309424,3.8000000000000003
ECG,-0.07642702063025421,3.802
ECG,-0.0798903573226196,3.8040000000000003
ECG,-0.08312346424903842,3.806
ECG,-0.0861356141359462,3.8080000000000003
ECG,-0.08893590411736062,3.81
ECG,-0.09153325573488684,3.8120000000000003
ECG,-0.09393641493771233,3.814
ECG,-0.09615395208261168,3.8160000000000003
ECG,-0.0981942619339422,3.818
ECG,-0.10006556366364784,3.8200000000000003
ECG,-0.10177590085125564,3.822
ECG,-0.10333314148387904,3.8240000000000003
ECG,-0.10474497795621501,3.826
ECG,-0.10601892707054636,3.8280000000000003
ECG,-0.10716233003673968,3.83
ECG,-0.10818235247224749,3.8320000000000003
ECG,-0.10908598440210596,3.834
ECG,-0.10988004025893716,3.8360000000000003
ECG,-0.11057115888294711,3.838
ECG,-0.11116580352192691,3.84
ECG,-0.11167026183125311,3.842
ECG,-0.11209064587388584,3.844
ECG,-0.11243289212037123,3.846
ECG,-0.11270276144883921,3.848
ECG,-0.11290583914500546,3.85
ECG,-0.11304753490216948,3.852
ECG,-0.11313308282121674,3.854
ECG,-0.11316754141061626,3.856
ECG,-0.11315579358642296,3.858
ECG,-0.11310254667227586,3.86
ECG,-0.11301233239939909,3.862
ECG,-0.11288950690660148,3.864
ECG,-0.11273825074027684,3.866
ECG,-0.11256256885440355,3.868
ECG,-0.1123662906105449,3.87
ECG,-0.11215306977784913,3.872
ECG,-0.11192638453304901,3.874
ECG,-0.11168953746046248,3.876
ECG,-0.11144543270028978,3.878
ECG,-0.11119590739350838,3.88
ECG,-0.11094240023697818,3.882
ECG,-0.11068617433514409,3.884
ECG,-0.11042831720003575,3.886
ECG,-0.11016974075126776,3.888
ECG,-0.10991118131603902,3.89
ECG,-0.10965319962913404,3.892
ECG,-0.10939618083292148,3.894
ECG,-0.10914033447735502,3.896
ECG,-0.1088856945199732,3.898
ECG,-0.10863211932589935,3.9
ECG,-0.10837281788555407,3.902
ECG,-0.10809961709850086,3.904
ECG,-0.10781494930258345,3.906
ECG,-0.10752118112974075,3.908
ECG,-0.10722051939869803,3.91
ECG,-0.10691501111496712,3.912
ECG,-0.1066065434708462,3.914
ECG,-0.10629684384542008,3.916
ECG,-0.10598747980455978,3.918
ECG,-0.10567985910092301,3.92
ECG,-0.10537522967395366,3.922
ECG,-0.10507467964988247,3.924
ECG,-0.10477913734172618,3.926
ECG,-0.10448937124928849,3.928
ECG,-0.104205990059159,3.93
ECG,-0.10392944264471418,3.932
ECG,-0.10366001806611677,3.934
ECG,-0.10339784557031619,3.936
ECG,-0.10314289459104788,3.938
ECG,-0.10289497474883427,3.94
ECG,-0.10265373585098368,3.942
ECG,-0.10241866789159146,3.944
ECG,-0.10218910105153899,3.946
ECG,-0.10196420569849424,3.948
ECG,-0.1017429923869117,3.95
ECG,-0.10152431185803222,3.952
ECG,-0.10130685503988315,3.954
ECG,-0.10108915304727839,3.956
ECG,-0.10086958071456714,3.958
ECG,-0.10064640102348824,3.96
ECG,-0.10041775170698412,3.962
ECG,-0.1001816114478582,3.964
ECG,-0.09993579911569958,3.966
ECG,-0.09967797376688455,3.968
ECG,-0.09940563464457539,3.97
ECG,-0.09911612117872094,3.972
ECG,-0.09880661298605665,3.974
ECG,-0.09847412987010423,3.976
ECG,-0.09811553182117189,3.978
ECG,-0.09772770351979208,3.98
ECG,-0.09730810784703389,3.982
ECG,-0.0968542323741911,3.984
ECG,-0.09636340485934307,3.986
ECG,-0.09583279324735655,3.988
ECG,-0.09525940566988403,3.99
ECG,-0.09464009044536499,3.992
ECG,-0.09397153607902481,3.994
ECG,-0.0932502712628759,3.996
ECG,-0.09247266487571665,3.998
ECG,-0.09163492598313225,4.0
ECG,-0.09073310383749424,4.002
ECG,-0.08976308787796004,4.0040000000000004
ECG,-0.08872060773047497,4.006
ECG,-0.08760123320776929,4.008
ECG,-0.0864003743093606,4.01
ECG,-0.08511328122155201,4.0120000000000005
ECG,-0.08373504431743486,4.014
ECG,-0.08226059415688519,4.016
ECG,-0.08068470148656637,4.018
ECG,-0.07900833271935294,4.0200000000000005
ECG,-0.07724434840546117,4.022
ECG,-0.07536215523307611,4.024
ECG,-0.07332831998049731,4.026
ECG,-0.07111181506242446,4.0280000000000005
ECG,-0.06868401852996062,4.03
ECG,-0.0660187140706071,4.032
ECG,-0.0630920910082668,4.034
ECG,-0.059882744303242044,4.0360000000000005
ECG,-0.0563716745522403,4.038
ECG,-0.052542287988365244,4.04
ECG,-0.04838039648112351,4.042
ECG,-0.04387421753641997,4.0440000000000005
ECG,-0.03901437429656625,4.046
ECG,-0.0337938955402691,4.048
ECG,-0.028208215682638118,4.05
ECG,-0.022255174775180867,4.0520000000000005
ECG,-0.015935018505813595,4.054
ECG,-0.00925039819884571,4.056
ECG,-0.002206370814989967,4.058
ECG,0.00518960104864347,4.0600000000000005
ECG,0.012927649158533738,4.062
ECG,0.020995499644768885,4.064
ECG,0.029378473001032742,4.066
ECG,0.038059484084612696,4.0680000000000005
ECG,0.0470190421163833,4.07
ECG,0.05623525068083004,4.072
ECG,0.06568380772603337,4.074
ECG,0.07533800556367778,4.0760000000000005
ECG,0.08516873086903398,4.078
ECG,0.09515004871551533,4.08
ECG,0.10530636549281992,4.082
ECG,0.1155640307469423,4.0840000000000005
ECG,0.12582329417102317,4.086
ECG,0.1359898930442999,4.088
ECG,0.145975052232089,4.09
ECG,0.1556954841857954,4.0920000000000005
ECG,0.16507338894289467,4.094
ECG,0.1740364541269586,4.096
ECG,0.18251785494763867,4.098
ECG,0.19045625420066997,4.1
ECG,0.19779580226787424,4.102
ECG,0.2044861371171477,4.104
ECG,0.21048238430247937,4.106
ECG,0.2157451569639392,4.108
ECG,0.22024055582768212,4.11
ECG,0.22394016920594173,4.112
ECG,0.22682107299704016,4.114
ECG,0.22886583068538235,4.116
ECG,0.23006249334145643,4.118
ECG,0.23040459962183316,4.12
ECG,0.22989117576916843,4.122
ECG,0.22852673561220158,4.124
ECG,0.22632128056575376,4.126
ECG,0.22329029963073366,4.128
ECG,0.21945476939413003,4.13
ECG,0.21484115402901705,4.132
ECG,0.2094814052945492,4.134
ECG,0.20341296253597238,4.136
ECG,0.19667875268460905,4.138
ECG,0.18932702393937761,4.14
ECG,0.18138988680844922,4.142
ECG,0.1729305625982846,4.144
ECG,0.16403394841048038,4.146
ECG,0.1547808426447489,4.148
ECG,0.1452479449989098,4.15
ECG,0.13550785646890734,4.152
ECG,0.12562907934878542,4.154
ECG,0.11567601723070357,4.156
ECG,0.10570897500492912,4.158
ECG,0.09578415885985421,4.16
ECG,0.08595367628197008,4.162
ECG,0.07626553605588382,4.164
ECG,0.06676365134558757,4.166
ECG,0.05748790748256667,4.168
ECG,0.04847416196577506,4.17
ECG,0.039754176673559447,4.172
ECG,0.03135561478237507,4.174
ECG,0.023302040766799963,4.176
ECG,0.01561292039951272,4.178
ECG,0.0083036207513081,4.18
ECG,0.0013854101910893112,4.182
ECG,-0.005134584147592058,4.184
ECG,-0.011253503966973364,4.186
ECG,-0.016972632204649472,4.188
ECG,-0.022297350500105687,4.19
ECG,-0.027237139194708618,4.192
ECG,-0.03180557733171997,4.194
ECG,-0.036018144885867465,4.196
ECG,-0.03986879433155009,4.198
ECG,-0.04338357452494342,4.2
ECG,-0.04660810264210563,4.202
ECG,-0.04959759830890441,4.204
ECG,-0.05241688360101866,4.206
ECG,-0.055140383043934996,4.208
ECG,-0.05785212361295386,4.21
ECG,-0.060645734733185463,4.212
ECG,-0.06362444827955187,4.214
ECG,-0.0669010985767819,4.216
ECG,-0.07059812239941891,4.218
ECG,-0.07484755897181582,4.22
ECG,-0.07979104996813818,4.222
ECG,-0.08557983951235593,4.224
ECG,-0.09237477417825597,4.226
ECG,-0.10034630298943378,4.228
ECG,-0.10967447741929967,4.23
ECG,-0.12054895139106259,4.232
ECG,-0.13318524132189485,4.234
ECG,-0.14761189852655685,4.236
ECG,-0.1631896875792401,4.238
ECG,-0.17917573878609439,4.24
ECG,-0.19480181058557317,4.242
ECG,-0.2092742895484069,4.244
ECG,-0.22177419037761453,4.246
ECG,-0.23145715590848204,4.248
ECG,-0.23745345710859642,4.25
ECG,-0.23886799307782178,4.252
ECG,-0.2347802910483029,4.2540000000000004
ECG,-0.22424450638447432,4.256
ECG,-0.2062894225830502,4.258
ECG,-0.17991845127302883,4.26
ECG,-0.14410963221567374,4.2620000000000005
ECG,-0.09781163699418752,4.264
ECG,-0.04016332875422635,4.266
ECG,0.028585279437049475,4.268
ECG,0.10765100966859578,4.2700000000000005
ECG,0.19590937920300625,4.272
ECG,0.29189460047672505,4.274
ECG,0.39379958109990965,4.276
ECG,0.4994759238565115,4.2780000000000005
ECG,0.6064339267040859,4.28
ECG,0.7118425827740766,4.282
ECG,0.8125295803716259,4.284
ECG,0.9049812955221598,4.2860000000000005
ECG,0.9853427696107147,4.288
ECG,1.049417731742698,4.29
ECG,1.0926686061972184,4.292
ECG,1.110377961103708,4.2940000000000005
ECG,1.101716760286337,4.296
ECG,1.0693692748169201,4.298
ECG,1.0161600614426405,4.3
ECG,0.944969697522541,4.3020000000000005
ECG,0.8587347810276602,4.304
ECG,0.7604479305408406,4.306
ECG,0.6531577852568484,4.308
ECG,0.539969004982294,4.3100000000000005
ECG,0.4240422701358378,4.312
ECG,0.3085942817478836,4.314
ECG,0.1968977614607821,4.316
ECG,0.09228145152873383,4.3180000000000005
ECG,-0.0018698851820250378,4.32
ECG,-0.08373480483912397,4.322
ECG,-0.15375859823168797,4.324
ECG,-0.2118692515395649,4.3260000000000005
ECG,-0.25818404239117054,4.328
ECG,-0.29301042398998267,4.33
ECG,-0.31684602511443477,4.332
ECG,-0.33037865011794604,4.3340000000000005
ECG,-0.33448627892890404,4.336
ECG,-0.33023706705069855,4.338
ECG,-0.3188893455616946,4.34
ECG,-0.30189162111523143,4.3420000000000005
ECG,-0.2808825759396557,4.344
ECG,-0.25764367715380265,4.346
ECG,-0.23347262222873175,4.348
ECG,-0.20921439246738593,4.3500000000000005
ECG,-0.18559098994998244,4.352
ECG,-0.16320343267872975,4.354
ECG,-0.1425317545778713,4.356
ECG,-0.12393500549367462,4.358
ECG,-0.10765125119442423,4.36
ECG,-0.09379757337045046,4.362
ECG,-0.08237006963408502,4.364
ECG,-0.07324385351969132,4.366
ECG,-0.06617305448365438,4.368
ECG,-0.06079081790439202,4.37
ECG,-0.05660930508233616,4.372
ECG,-0.053039485852312565,4.374
ECG,-0.04993290282273062,4.376
ECG,-0.04727625595174646,4.378
ECG,-0.044965859277735665,4.38
ECG,-0.0429075281065605,4.382
ECG,-0.04101657901156846,4.384
ECG,-0.03921782983359499,4.386
ECG,-0.03744555601505746,4.388
ECG,-0.0356433596022562,4.39
ECG,-0.03376430024307492,4.392
ECG,-0.03177093885288581,4.394
ECG,-0.029635337614543802,4.396
ECG,-0.027339059978390742,4.398
ECG,-0.02487317066225243,4.4
ECG,-0.02223823565144411,4.402
ECG,-0.0194443221987631,4.404
ECG,-0.01651099882449323,4.406
ECG,-0.013440015899721982,4.408
ECG,-0.010199218002178548,4.41
ECG,-0.006778713743840752,4.412
ECG,-0.003169580076133726,4.414
ECG,0.0006363914683599967,4.416
ECG,0.004646694775894631,4.418
ECG,0.008868109151570654,4.42
ECG,0.013306699319328333,4.422
ECG,0.017967815421951402,4.424
ECG,0.022856093021059065,4.426
ECG,0.027975453097117627,4.428
ECG,0.03332910204943318,4.43
ECG,0.03891953169615572,4.432
ECG,0.04474851927426894,4.434
ECG,0.05081712743960569,4.436
ECG,0.05712570426683738,4.438
ECG,0.06367388324948035,4.44
ECG,0.07046058329988313,4.442
ECG,0.07748400874924444,4.444
ECG,0.0847416493476018,4.446
ECG,0.09223028026383726,4.448
ECG,0.09994596208566442,4.45
ECG,0.10788404081964814,4.452
ECG,0.11603914789119148,4.454
ECG,0.12440520014454265,4.456
ECG,0.13299743167845984,4.458
ECG,0.14184189063363387,4.46
ECG,0.15091225760038746,4.462
ECG,0.16018116158176912,4.464
ECG,0.16962158882186182,4.466
ECG,0.1792068828058072,4.468
ECG,0.1889107442597905,4.47
ECG,0.19870723115104721,4.472
ECG,0.20857075868784716,4.474
ECG,0.2184760993195201,4.476
ECG,0.22839838273643784,4.478
ECG,0.2383130958700238,4.48
ECG,0.2481960828927349,4.482
ECG,0.2580235452180883,4.484
ECG,0.2677720415006431,4.486
ECG,0.27741848763601007,4.488
ECG,0.28694007212674766,4.49
ECG,0.2963140021801294,4.492
ECG,0.3055177576103851,4.494
ECG,0.31452917547279574,4.496
ECG,0.3233264500636773,4.498
ECG,0.3318881329204038,4.5
ECG,0.3401931328213931,4.502
ECG,0.3482207157861127,4.5040000000000004
ECG,0.3559505050750667,4.506
ECG,0.3633624811898162,4.508
ECG,0.37043698187296636,4.51
ECG,0.3771547021081715,4.5120000000000005
ECG,0.38349669412012394,4.514
ECG,0.3894443673745719,4.516
ECG,0.39497948857830767,4.518
ECG,0.40008418167917204,4.5200000000000005
ECG,0.4047409278660467,4.522
ECG,0.4089325655688661,4.524
ECG,0.4126422904586097,4.526
ECG,0.4158536554473049,4.5280000000000005
ECG,0.41855057068802265,4.53
ECG,0.4207173035748837,4.532
ECG,0.42233847874305486,4.534
ECG,0.42339907806875043,4.5360000000000005
ECG,0.4238844406692292,4.538
ECG,0.4237802629027998,4.54
ECG,0.4230526449714024,4.542
ECG,0.4216692664739585,4.5440000000000005
ECG,0.41965634610275865,4.546
ECG,0.41704128253465633,4.548
ECG,0.41385113488108516,4.55
ECG,0.4101126226880544,4.5520000000000005
ECG,0.40585212593615616,4.554
ECG,0.4010956850405568,4.556
ECG,0.39586900085100135,4.558
ECG,0.39019743465181095,4.5600000000000005
ECG,0.38410600816189217,4.562
ECG,0.37761940353472223,4.564
ECG,0.3707619633583591,4.566
ECG,0.36355769065543536,4.5680000000000005
ECG,0.35603024888317164,4.57
ECG,0.3482029619333569,4.572
ECG,0.3400988141323614,4.574
ECG,0.3317404502411297,4.5760000000000005
ECG,0.3231501754551958,4.578
ECG,0.3143499554046606,4.58
ECG,0.3053614164965601,4.582
ECG,0.2962058869972316,4.5840000000000005
ECG,0.28690443606058724,4.586
ECG,0.2774778025186385,4.588
ECG,0.2679463856379796,4.59
ECG,0.25833037869041586,4.5920000000000005
ECG,0.24865016966489165,4.594
ECG,0.23892594055555422,4.596
ECG,0.2291775337911329,4.598
ECG,0.21942445223493104,4.6000000000000005
ECG,0.2096858591848429,4.602
ECG,0.19998057837332794,4.604
ECG,0.19032709396742797,4.606
ECG,0.18074355056875885,4.6080000000000005
ECG,0.17124775321352723,4.61
ECG,0.161857167372505,4.612
ECG,0.15258891895104637,4.614
ECG,0.1434597942890839,4.616
ECG,0.1344862401611242,4.618
ECG,0.12568436377626369,4.62
ECG,0.11706993277816516,4.622
ECG,0.10865837524507363,4.624
ECG,0.10046477968980827,4.626
ECG,0.09250389505977727,4.628
ECG,0.08479013073695668,4.63
ECG,0.07733755653790324,4.632
ECG,0.07015990271374947,4.634
ECG,0.06327055995021515,4.636
ECG,0.05667994769380756,4.638
ECG,0.0503817081969995,4.64
ECG,0.04436829341819627,4.642
ECG,0.03863284809287838,4.644
ECG,0.03316858563910188,4.646
ECG,0.027968788157508345,4.648
ECG,0.02302680643132108,4.65
ECG,0.018336059926352483,4.652
ECG,0.013890036790991819,4.654
ECG,0.009682293856213692,4.656
ECG,0.005706456635574368,4.658
ECG,0.0019562193252184203,4.66
ECG,-0.0015746551961315894,4.662
ECG,-0.0048923353671680835,4.664
ECG,-0.008002920944001807,4.666
ECG,-0.010912443000155793,4.668
ECG,-0.013626863926574624,4.67
ECG,-0.016152077431617638,4.672
ECG,-0.018493908541062327,4.674
ECG,-0.0206581135980998,4.676
ECG,-0.02265038026334107,4.678
ECG,-0.024476327514812924,4.68
ECG,-0.02614150564795966,4.682
ECG,-0.027651396275640023,4.684
ECG,-0.02901141232813191,4.686
ECG,-0.03022689805312929,4.688
ECG,-0.03130312901574341,4.69
ECG,-0.03224531209850043,4.692
ECG,-0.03305880530249107,4.694
ECG,-0.033749777150804565,4.696
ECG,-0.03432454728509316,4.698
ECG,-0.03478936666442461,4.7
ECG,-0.03515041756528474,4.702
ECG,-0.035413813581575665,4.704
ECG,-0.0355855996246166,4.706
ECG,-0.03567175192314272,4.708
ECG,-0.03567817802330688,4.71
ECG,-0.03561071678867832,4.712
ECG,-0.03547513840024319,4.714
ECG,-0.035277144356404375,4.716
ECG,-0.035022367472981354,4.718
ECG,-0.03471637188321088,4.72
ECG,-0.03436465303774588,4.722
ECG,-0.03397263770465672,4.724
ECG,-0.03354568396942977,4.726
ECG,-0.03308908123496908,4.728
ECG,-0.032608050221594555,4.73
ECG,-0.032107742967043836,4.732
ECG,-0.03159254110738248,4.734
ECG,-0.031060154878525204,4.736
ECG,-0.030511254755271548,4.738
ECG,-0.02994780761584241,4.74
ECG,-0.029371739960771845,4.742
ECG,-0.028784937912907968,4.744
ECG,-0.028189247217412505,4.746
ECG,-0.02758647324176203,4.748
ECG,-0.026978380975745668,4.75
ECG,-0.026366695031467477,4.752
ECG,-0.02575309964334438,4.7540000000000004
ECG,-0.025139238668108528,4.756
ECG,-0.024526715584804622,4.758
ECG,-0.023917093494792183,4.76
ECG,-0.0233118951217436,4.7620000000000005
ECG,-0.022712602811646478,4.764
ECG,-0.022120658532801183,4.766
ECG,-0.021537463875822466,4.768
ECG,-0.020964380053638553,4.7700000000000005
ECG,-0.0204027279014923,4.772
ECG,-0.019853787876939637,4.774
ECG,-0.01931880005985088,4.776
ECG,-0.01879896415240963,4.7780000000000005
ECG,-0.018295439479114294,4.78
ECG,-0.017809344986776277,4.782
ECG,-0.01734175924452151,4.784
ECG,-0.016893720443789034,4.7860000000000005
ECG,-0.016466226398332694,4.788
ECG,-0.01606023458207825,4.79
ECG,-0.015676689538881863,4.792
ECG,-0.015316571266051349,4.7940000000000005
ECG,-0.014980514713610945,4.796
ECG,-0.014667843833258561,4.798
ECG,-0.014377524543846379,4.8
ECG,-0.014108482386540224,4.8020000000000005
ECG,-0.013859602524820304,4.804
ECG,-0.013629729744480366,4.806
ECG,-0.013417668453627915,4.808
ECG,-0.013222182682684238,4.8100000000000005
ECG,-0.01304199608438518,4.812
ECG,-0.01287579193377985,4.814
ECG,-0.01272221312823136,4.816
ECG,-0.0125798621874164,4.8180000000000005
ECG,-0.012447301253326562,4.82
ECG,-0.012323052090266018,4.822
ECG,-0.01220559608485371,4.824
ECG,-0.012093374246021714,4.8260000000000005
ECG,-0.011981596156243297,4.828
ECG,-0.011863744387014579,4.83
ECG,-0.011740451510778162,4.832
ECG,-0.011611841168066347,4.8340000000000005
ECG,-0.01147731794995193,4.836
ECG,-0.011335567398045109,4.838
ECG,-0.011184556004495461,4.84
ECG,-0.01102153121199073,4.8420000000000005
ECG,-0.010843021413758546,4.844
ECG,-0.010644835953564033,4.846
ECG,-0.010422065125711867,4.848
ECG,-0.010169080175044677,4.8500000000000005
ECG,-0.009879533296945254,4.852
ECG,-0.00954635763733372,4.854
ECG,-0.009161767292669652,4.856
ECG,-0.008717257309950623,4.8580000000000005
ECG,-0.00820360368671465,4.86
ECG,-0.007610863371036685,4.862
ECG,-0.006928374261531341,4.864
ECG,-0.006144755207351749,4.866
ECG,-0.005247906008189335,4.868
ECG,-0.004225007414275697,4.87
ECG,-0.0030625211263799624,4.872
ECG,-0.0017461897958100901,4.874
ECG,-0.00026103702441234583,4.876
ECG,0.0014086326354261509,4.878
ECG,0.0032792336807814793,4.88
ECG,0.005367899658190718,4.882
ECG,0.007692483163652959,4.884
ECG,0.010271555842625436,4.886
ECG,0.013124408390029471,4.888
ECG,0.016271050550247277,4.89
ECG,0.01973221111712313,4.892
ECG,0.023529337933958533,4.894
ECG,0.02768459789352034,4.896
ECG,0.03221729723281936,4.898
ECG,0.03713686568090459,4.9
ECG,0.042453326348124654,4.902
ECG,0.04817338523914437,4.904
ECG,0.05430017399708721,4.906
ECG,0.06083324990354043,4.908
ECG,0.06776859587854366,4.91
ECG,0.0750986204806058,4.912
ECG,0.0828121579066933,4.914
ECG,0.09089446799223799,4.916
ECG,0.09932723621112144,4.918
ECG,0.10808857367569595,4.92
ECG,0.1171530171367725,4.922
ECG,0.12649152898362595,4.924
ECG,0.1360714972439803,4.926
ECG,0.14585673558403234,4.928
ECG,0.15580748330843577,4.93
ECG,0.16588040536030957,4.932
ECG,0.17602859232122028,4.934
ECG,0.1862015604112085,4.936
ECG,0.19634525148877122,4.938
ECG,0.2064020330508708,4.94
ECG,0.21631069823291743,4.942
ECG,0.2260064658087946,4.944
ECG,0.23542098019084343,4.946
ECG,0.2444823114298684,4.948
ECG,0.25311495521512434,4.95
ECG,0.26123983287433805,4.952
ECG,0.2687742913736934,4.954
ECG,0.2756321033178376,4.956
ECG,0.2817244407672186,4.958
ECG,0.28699550860580103,4.96
ECG,0.29142706666653695,4.962
ECG,0.2950051890695331,4.964
ECG,0.29772020838012453,4.966
ECG,0.299566715608883,4.968
ECG,0.3005435602116115,4.97
ECG,0.30065385008934437,4.972
ECG,0.2999049515883493,4.974
ECG,0.29830848950012595,4.976
ECG,0.2958803470614067,4.978
ECG,0.29264066595415406,4.98
ECG,0.2886138463055681,4.982
ECG,0.28382854668807656,4.984
ECG,0.2783176841193409,4.986
ECG,0.2721184340622521,4.988
ECG,0.26527223042494236,4.99
ECG,0.25782476556076733,4.992
ECG,0.24982599026831814,4.994
ECG,0.2413301137914143,4.996
ECG,0.23239560381911925,4.998
